lr,lc,rc,ld,rd,lnnz,rnnz
97366,33288,5958,0.00056263,0.13,1823595,25785518
37277,6335,8305,0.00015297,0.2,36129,10524778
122335,65522,2027,0.00041097,0.25,3294205,33216643
85283,55401,5954,0.00001651,0.13,78006,42884765
88648,49392,11945,0.00296184,0.005,12968430,2949991
78717,99615,6291,0.00015297,0.05,1199504,31338809
39049,43377,14025,0.00031941,0.03,541033,18252082
106348,17623,17965,0.00491597,0.13,9213441,41159621
58019,54547,17077,0.00108175,0.07,3423537,65207439
126899,52210,12948,0.00182521,0.07,12092788,47322584
133764,1840,9040,0.00078778,0.15,193897,2495264
132278,48224,8077,0.00047003,0.15,2998367,58429137
17639,14561,16707,0.00160539,0.13,412379,31628398
131403,43733,7722,0.00008429,0.1,484397,33774444
15728,31500,45522,0.00860544,0.03,4263462,43019639
87003,95285,15346,0.00182521,0.0005,15131430,731149
122724,61616,2796,0.00031941,0.3,2415325,51698106
74841,20268,16085,0.00047003,0.005,713008,1630128
134987,39791,9266,0.00018467,0.13,991923,47932957
62177,74537,22036,0.00082487,0.001,3822919,1642560
108666,10740,19512,0.00078778,0.17,919427,35627383
32231,80720,577,0.00160539,0.3,4176859,13985604
68306,38201,16043,0.00082282,0.03,2147067,18386741
11006,60966,19826,0.00013363,0.03,89670,36262371
91522,11923,20111,0.01084252,0.0005,11831944,119900
71595,49258,560,0.00082185,0.13,2898403,3589833
73287,5810,17923,0.00015297,0.3,65139,31243081
80348,24008,14712,0.00002483,0.13,47897,45919803
83116,9119,5696,0.00015297,0.2,115948,10389143
29735,25167,22174,0.00082282,0.1,615772,55808823
105970,16771,5723,0.01084252,0.2,19270355,19197223
53708,99995,1909,0.00018467,0.13,991788,24821230
9330,12165,12704,0.00860544,0.13,976794,20092750
49255,32636,13889,0.00491597,0.03,7902553,13599335
8481,44708,6048,0.00078778,0.23,298728,62197325
35773,24749,7821,0.00047003,0.17,416149,32907979
66341,87385,9302,0.00001651,0.07,95713,56904020
66173,57686,8764,0.00952101,0.13,36344782,65725864
7297,11850,43501,0.00160539,0.03,138831,15465088
109258,67641,5832,0.00013363,0.13,987586,51286831
17199,84760,1995,0.00296184,0.03,4317875,5074350
9314,7419,13478,0.00163948,0.2,113298,20000240
43659,47194,33980,0.00002088,0.03,43023,48110586
14569,13356,16170,0.02533638,0.23,4930456,49677774
34130,54768,3405,0.00370564,0.005,6926936,932440
82597,83646,2519,0.00013363,0.03,923240,6321702
69420,40962,10465,0.00952101,0.13,27074371,55732444
33895,53317,26714,0.00370564,0.01,6696942,14243336
46756,53769,7584,0.00160539,0.01,4036030,4078138
98966,87945,14688,0.00370564,0.0005,32252780,645897
124226,83003,2310,0.00370564,0.23,38209922,44118447
16232,10652,12684,0.00182521,0.05,315616,6756092
116115,98118,11052,0.00031941,0.05,3639059,54223806
66177,6349,17332,0.00952101,0.1,4000474,11004602
64050,5188,31464,0.00013363,0.13,44408,21222444
110661,20042,1144,0.00031941,0.23,708415,5275053
106078,18553,6299,0.00018467,0.17,363448,19870443
95437,99103,2109,0.00296184,0.25,28013575,52252550
84667,17519,6750,0.00160539,0.2,2381336,23654003
31526,11513,45258,0.00182521,0.07,662517,36475921
78312,23565,7906,0.00015297,0.3,282301,55892512
34422,86478,23247,0.00163948,0.0005,4880418,1005186
76873,97636,16492,0.00370564,0.03,27813025,48309209
32360,2665,45187,0.00031941,0.07,27555,8432644
147394,27458,5779,0.00041097,0.2,1663311,31738071
56692,88821,2138,0.00860544,0.2,43333045,37984798
70273,19995,29949,0.00056263,0.005,790577,2994283
17525,66539,8771,0.00031941,0.03,372484,17509862
1009,17035,19372,0.00296184,0.17,50953,56103796
6600,8834,39569,0.00015297,0.13,8920,45445522
92509,84398,3068,0.00370564,0.13,28932221,33670638
139925,7761,5943,0.00182521,0.2,1982194,9226373
99742,15952,1883,0.01084252,0.2,17252080,6010094
8213,29864,12338,0.00860544,0.1,2110867,36848979
148295,70586,10233,0.00008429,0.07,882313,50562229
79098,33153,27005,0.00296184,0.03,7767106,26859588
29129,30290,17065,0.00182521,0.07,1610458,36185243
88999,13706,10833,0.01084252,0.0005,13226192,74244
145855,29838,5432,0.00034241,0.27,1490188,43763326
96800,66343,67,0.00491597,0.25,31570600,1117164
43568,87023,12162,0.00370564,0.005,14049825,5292307
141319,77728,4482,0.00296184,0.05,32534593,17419100
144418,7770,9316,0.00056263,0.3,631369,21718658
33410,61523,6558,0.00491597,0.001,10104867,403493
4614,77191,1977,0.01084252,0.17,3862101,25955135
149498,24663,3553,0.00056263,0.15,2074507,13144557
137841,16598,5004,0.00182521,0.23,4176065,19105917
87906,15292,10524,0.00860544,0.15,11568360,24140834
105169,78939,2704,0.00002088,0.23,173346,49111665
32496,6653,19458,0.00031941,0.27,69056,34953644
115721,77929,1260,0.00019487,0.15,1757358,14735341
46787,1840,40047,0.00182521,0.25,157185,18428395
145403,12494,13366,0.00952101,0.05,17296615,8350087
54821,11573,4809,0.00860544,0.15,5459856,8349149
28436,5810,37630,0.00952101,0.13,1573159,28424557
94130,40069,19510,0.00018467,0.07,696528,54724088
44963,93459,20068,0.01084252,0.005,45563041,9377768
99321,47329,4093,0.00163948,0.17,7707002,32939353
22290,3628,41455,0.00056263,0.27,45499,40608411
37323,42190,40215,0.00860544,0.03,13550901,50900603
70266,23925,8549,0.00182521,0.23,3068395,47046079
108176,10277,16847,0.02533638,0.01,28169438,1731551
18623,36187,9617,0.00370564,0.15,2497381,52205458
45554,44248,4608,0.00370564,0.23,7469617,46903538
63185,35864,30908,0.00034241,0.05,775950,55426907
39684,35674,39856,0.02533638,0.0005,35870059,710931
145742,7273,5457,0.00041097,0.15,435646,5954690
104935,30190,2283,0.00160539,0.2,5085929,13788125
104687,62677,694,0.00031941,0.15,2095829,6529094
48661,61929,2487,0.00047003,0.1,1416474,15405282
104636,18989,7540,0.00034241,0.15,680376,21477432
15239,2305,16071,0.00952101,0.23,334514,8522074
38625,18083,33855,0.00182521,0.03,1274885,18366819
99120,5167,1758,0.00182521,0.15,934917,1362866
127421,28581,11899,0.00082185,0.2,2993060,68021844
5977,61918,23382,0.00860544,0.03,3185260,43435153
28622,6023,25782,0.00056263,0.17,97005,26401930
35424,35266,7029,0.00018467,0.03,230702,7437151
13856,26984,16641,0.00491597,0.005,1838207,2245358
73949,38630,8852,0.00047003,0.15,1342750,51297811
124497,22197,8624,0.01084252,0.15,29963611,28716034
11974,96365,2108,0.00082185,0.1,948369,20321664
113741,52296,7952,0.00000464,0.13,27600,54062954
62475,50142,11853,0.00108175,0.05,3388772,29718924
86495,75793,20085,0.00182521,0.0005,11965655,761169
67778,67468,17886,0.01084252,0.03,49582161,36203817
73727,50453,6133,0.00108175,0.01,4023863,3094590
60740,33953,7347,0.00015297,0.27,315475,67355810
134395,43005,4828,0.00002088,0.25,120680,51907729
142067,99650,3320,0.00041097,0.13,5818115,43014289
91878,79011,1585,0.00047003,0.3,3412190,37577321
148744,14195,4049,0.00082185,0.25,1735369,14372376
51691,40676,21979,0.00491597,0.0005,10336477,447028
131355,2093,9379,0.00952101,0.03,2617806,588994
23823,4098,31372,0.00082185,0.13,80255,16717387
79806,43266,11330,0.00160539,0.13,5543327,63733088
134593,43061,8367,0.00108175,0.13,6269567,46841184
1845,30962,44492,0.00952101,0.005,544057,6888066
41847,20929,6892,0.00491597,0.1,4305644,14424885
41029,74071,14479,0.00491597,0.03,14940441,32175416
47220,24989,19836,0.02533638,0.05,29897665,24784903
118043,87390,12550,0.00182521,0.0005,18828527,548385
83322,26300,2170,0.00491597,0.25,10773141,14271019
17336,18634,23391,0.00078778,0.1,254495,43587966
64413,10721,10525,0.00031941,0.03,220582,3385353
75825,41469,9371,0.00034241,0.13,1076679,50521505
109046,21660,1643,0.00163948,0.03,3872500,1067990
117887,43943,2704,0.00015297,0.17,792452,20207540
70411,11972,24600,0.00013363,0.13,112654,38290496
45114,10492,24379,0.00491597,0.01,2327126,2558055
117867,21275,9275,0.00018467,0.13,463104,25653800
137034,91065,2431,0.00002088,0.27,260563,59785667
90185,32471,5210,0.00047003,0.01,1376457,1691889
144112,87176,13029,0.00082487,0.05,10363023,56795187
22530,10253,48658,0.00160539,0.03,370866,14967638
26419,12879,25452,0.00056263,0.1,191449,32781952
40505,12378,27829,0.00041097,0.2,206065,68898718
124839,80742,12194,0.00000464,0.05,46770,49230041
77031,584,19909,0.00491597,0.3,221416,3492264
46389,21677,12584,0.00082185,0.17,826472,46376622
88987,57897,16601,0.00002483,0.03,127927,28835533
74393,61781,3466,0.00182521,0.23,8388939,49256590
70243,18581,15137,0.00056263,0.13,734374,36566022
99551,65462,1370,0.00860544,0.15,56081368,13457341
101995,21211,15495,0.00018467,0.15,399527,49303159
29391,45554,31508,0.00163948,0.001,2195076,1435322
105828,74577,396,0.00056263,0.2,4440503,5911526
53857,9873,23597,0.00160539,0.13,853679,30288539
46060,31593,12477,0.00296184,0.15,4310071,59129895
60528,5350,3159,0.00182521,0.23,591139,3888820
88725,62419,9675,0.00952101,0.05,52729591,30197769
3325,56230,3560,0.00296184,0.23,553791,46047145
141148,75771,13011,0.00160539,0.05,17169578,49293225
30866,17183,18656,0.00078778,0.05,417827,16028511
81106,27977,18993,0.00013363,0.13,303222,69078256
47902,10258,40635,0.00860544,0.07,4228743,29180178
64348,19672,7712,0.00370564,0.2,4690976,30345813
8093,11670,43230,0.00078778,0.07,74402,35315373
70750,40157,28409,0.00008429,0.03,239480,34225737
20235,42466,12237,0.00182521,0.03,1568424,15590396
81521,33249,22127,0.01084252,0.0005,29389118,367856
138381,26832,9184,0.00018467,0.27,685694,66541578
78519,15235,6040,0.00082487,0.17,986777,15644394
19306,38528,22318,0.00041097,0.05,305707,42994698
61507,64168,3007,0.00013363,0.13,527416,25087802
110118,17517,11225,0.00008429,0.25,162597,49161767
22950,10175,25162,0.00296184,0.27,691700,69132631
39045,50871,3696,0.00082282,0.25,1634351,47005874
13984,6161,15339,0.00860544,0.3,741545,28355267
61837,15728,14842,0.02533638,0.13,24642471,30348225
47667,89081,10811,0.00491597,0.01,20874712,9631434
55938,9379,9133,0.00018467,0.15,96888,12849645
145291,29857,2164,0.00015297,0.25,663593,16158835
73450,28696,2701,0.00296184,0.17,6242903,13178472
13678,69478,997,0.00370564,0.13,3521622,9012222
123565,34426,2336,0.00182521,0.27,7764316,21716782
92341,7302,10440,0.00018467,0.2,124528,15248655
57417,4990,26049,0.00952101,0.27,2728256,35101184
94340,10152,16472,0.02533638,0.1,24266025,16722661
40319,72941,2948,0.00108175,0.05,3181408,10754886
52172,6086,36193,0.00056263,0.13,178653,28636974
127748,32756,8112,0.00082487,0.2,3451691,53149283
8095,56530,2191,0.00491597,0.13,2249845,16101643
89116,9732,5599,0.00019487,0.13,169010,7084026
9247,4600,6508,0.01084252,0.15,461280,4491926
35390,33639,6233,0.00078778,0.15,937867,31451509
118270,5395,12366,0.00952101,0.17,6075596,11342507
74347,55846,7870,0.00952101,0.01,39531852,4395439
40304,82417,1274,0.00082185,0.15,2729991,15760247
39955,23735,3557,0.00296184,0.27,2808903,22801970
26848,91981,3943,0.00296184,0.17,7314601,61671028
144711,3562,11177,0.00082185,0.27,423709,10752194
31079,62790,10888,0.00491597,0.01,9593404,6837252
41058,5686,11014,0.00108175,0.05,252587,3132040
96518,11880,20321,0.00047003,0.01,538974,2414244
40745,21940,7324,0.00182521,0.13,1631684,20892047
60641,8346,26013,0.00860544,0.07,4355582,15198445
29953,2131,9350,0.00082487,0.3,52656,5978570
131345,20463,9563,0.00182521,0.27,4905692,52839445
22580,33030,15081,0.00078778,0.07,587567,34871461
143107,69551,6835,0.00000434,0.13,43197,61802128
52745,5375,31446,0.00056263,0.17,159512,28734323
32293,98352,2386,0.00031941,0.13,1014481,30511506
2876,2397,49094,0.02533638,0.27,174729,31776040
47130,68204,3695,0.00013363,0.25,429558,63007579
118294,20939,4039,0.00034241,0.2,848149,16915945
4962,7533,42916,0.00860544,0.2,321745,64663565
24229,6527,12155,0.00952101,0.25,1505806,19835018
70079,93697,14418,0.00034241,0.01,2248370,13509704
85898,58075,6445,0.00370564,0.17,18485798,63637118
11245,56010,8073,0.00019487,0.13,122741,58786002
138185,32186,7066,0.00491597,0.23,21865146,52309993
135291,86397,9008,0.00163948,0.0005,19163682,389151
113381,42933,4233,0.00860544,0.07,41890630,12722307
99329,63754,3157,0.00031941,0.15,2022723,30194512
126359,94113,1349,0.00031941,0.13,3798479,16514541
64180,3726,23916,0.00296184,0.13,708381,11586162
113464,39310,12161,0.00491597,0.1,21926787,47808862
52836,68274,4864,0.00952101,0.001,34345805,332133
40403,90904,2211,0.00160539,0.3,5896288,60302294
38879,64726,18126,0.00031941,0.005,803800,5866271
112745,10219,10675,0.00015297,0.1,176246,10908998
96812,59640,213,0.00160539,0.27,9269477,3436330
141685,11046,7196,0.00041097,0.15,643231,11925181
77620,23824,7966,0.00018467,0.03,341503,5693951
7002,34276,7315,0.00015297,0.27,36713,67699271
23575,8948,27730,0.00370564,0.27,781716,66996953
140966,54271,5749,0.00002088,0.13,159741,40567960
53554,40303,24466,0.00034241,0.03,739075,29582358
114156,7995,9008,0.00013363,0.3,121974,21609624
116075,22610,9987,0.01084252,0.27,28456074,60971279
32906,3914,31697,0.00008429,0.2,10858,24816783
137955,35382,14524,0.00078778,0.1,3845302,51389721
130389,74520,2007,0.00001651,0.2,160423,29926512
81359,68007,17325,0.00078778,0.05,4358862,58912212
98260,16174,8581,0.00491597,0.13,7813044,18043845
15559,17880,12488,0.00015297,0.17,42558,37963300
123371,30844,8668,0.00160539,0.13,6109075,34757461
27298,79766,4489,0.00163948,0.01,3569962,3581339
141553,4492,5300,0.00047003,0.23,298938,5477088
5226,6183,36112,0.00296184,0.2,95718,44659764
106799,17837,15074,0.00952101,0.2,18137811,53778313
97393,27304,10877,0.00041097,0.03,1092894,8909871
14070,53083,14692,0.02533638,0.01,18924549,7799590
47748,2131,15014,0.00160539,0.23,163390,7360783
88232,60784,23716,0.00182521,0.001,9788985,1441623
58590,32693,7041,0.00108175,0.13,2072146,29926629
29902,28984,38266,0.00108175,0.03,937572,33274410
84201,22342,9230,0.01084252,0.2,20397716,41245006
2931,62754,8260,0.02533638,0.07,4661285,36287038
49865,41784,1999,0.00082282,0.27,1714412,22559740
32149,36429,16534,0.00002088,0.1,24454,60236341
77232,67089,4255,0.00860544,0.13,44588813,37115150
39010,9078,33934,0.00370564,0.15,1312402,46212117
110072,20278,11682,0.00860544,0.2,19208585,47382558
59585,74754,16187,0.00015297,0.005,681372,6050546
59470,41601,16892,0.00041097,0.01,1016753,7027616
73733,72452,704,0.00047003,0.3,2511000,15312633
43133,62942,2652,0.00047003,0.13,1276096,21701382
83377,64028,11307,0.00041097,0.03,2194003,21720017
36458,44661,39969,0.00952101,0.005,15503072,8925613
48803,4118,39748,0.00047003,0.15,94477,24556103
141588,21428,3550,0.00018467,0.1,560287,7608172
63548,45979,19191,0.00056263,0.05,1643964,44120881
26703,74691,22749,0.00008429,0.01,168118,16992017
63747,46730,22053,0.00082185,0.005,2448262,5152867
131722,73298,2970,0.00034241,0.07,3305963,15243092
33185,86416,16935,0.00952101,0.001,27304208,1463532
69175,16274,14814,0.00047003,0.05,529169,12055484
109228,25348,5275,0.00163948,0.13,4539417,17384897
142562,37467,3085,0.00041097,0.15,2195162,17338286
147751,75258,10129,0.00031941,0.005,3551712,3811632
32314,2144,8760,0.00296184,0.15,205221,2817707
139897,49460,2960,0.00182521,0.05,12629356,7321594
83826,30839,11021,0.02533638,0.17,65497623,57781073
113894,7882,5236,0.02533638,0.13,22745018,5365824
142464,94820,844,0.00160539,0.3,21686349,24010189
119561,1522,6054,0.01084252,0.17,1973556,1566962
71571,86576,17575,0.01084252,0.03,67184552,45649148
53559,66856,3035,0.01084252,0.0005,38825420,101458
81724,58758,3114,0.00002088,0.25,100265,45750072
59148,13274,9381,0.01084252,0.005,8513016,622645
100118,11748,9226,0.00182521,0.25,2146861,27099502
112858,36186,11984,0.00031941,0.13,1304471,56380562
128860,43932,14497,0.00034241,0.005,1938426,3184489
4326,40343,6596,0.00370564,0.13,646812,34596220
33442,7980,13858,0.00041097,0.23,109680,25436471
127953,32276,13165,0.00370564,0.13,15304082,55241997
7814,59894,5017,0.00047003,0.07,219995,21037113
39260,76247,5278,0.00056263,0.15,1684267,60366717
84252,55455,8994,0.00013363,0.07,624351,34917097
104484,3891,5277,0.00491597,0.13,1998911,2669932
50720,6003,36444,0.00108175,0.17,329375,37192673
47679,20880,10732,0.01084252,0.05,10794459,11205034
14048,771,13751,0.00860544,0.15,93233,1590754
23231,3666,17528,0.01084252,0.15,923543,9640168
131503,46495,3807,0.00019487,0.27,1191490,47802468
42661,98275,810,0.00082282,0.3,3449722,23882852
124491,2989,8506,0.00019487,0.25,72515,6356963
41526,6876,37572,0.00002483,0.17,7090,43921099
73264,36226,14057,0.00860544,0.05,22839600,25462876
109787,84007,12567,0.00082185,0.005,7579868,5278713
92892,29227,5911,0.00015297,0.23,415318,39742536
12871,12566,48371,0.00078778,0.1,127428,60786423
136773,60533,4472,0.00002088,0.13,172872,35191674
12971,33483,15175,0.00182521,0.13,792721,66058274
77879,63025,11611,0.00013363,0.05,655911,36592561
41815,28148,4767,0.02533638,0.3,29821998,40258047
115202,59641,6193,0.00160539,0.03,11030405,11082500
50522,8252,10560,0.00296184,0.05,1234850,4357242
35557,50527,33258,0.02533638,0.005,45519939,8402353
73339,16870,16588,0.00182521,0.23,2258237,64363645
9299,41487,5783,0.00078778,0.25,303943,59988259
86521,33964,16898,0.00370564,0.1,10889559,57393292
7293,88117,3594,0.00015297,0.15,98310,47505746
26691,23258,14148,0.00041097,0.03,255133,9872247
98066,41967,4088,0.00082282,0.23,3386379,39465343
116613,13871,7347,0.00082185,0.07,1329414,7134207
146723,50138,9134,0.00031941,0.13,2349750,59535716
12390,12503,17078,0.00056263,0.15,87166,32030299
48349,27792,27748,0.00082185,0.07,1104360,53983736
88274,73012,4168,0.00015297,0.2,985914,60871976
146067,6562,7358,0.00002483,0.25,23801,12072634
105587,27508,4739,0.00078778,0.07,2288163,9126957
81464,7120,25173,0.00491597,0.05,2851458,8961824
125857,42282,11878,0.00108175,0.13,5756540,65294101
128261,9592,15190,0.00034241,0.27,421271,39342141
25669,4966,8747,0.00082185,0.2,104775,8688468
102238,46444,5011,0.00108175,0.2,5136538,46554403
40058,38153,33365,0.00108175,0.005,1653316,6365225
22717,23456,9074,0.00078778,0.27,419776,57471245
130451,3348,5445,0.00056263,0.27,245799,4923828
51667,59315,34324,0.00296184,0.01,9077075,20359700
35930,18510,43427,0.00108175,0.05,719456,40193270
102296,49130,19240,0.00082487,0.001,4145695,945278
10672,69703,3104,0.02533638,0.27,18847451,58433424
64621,50363,25942,0.00296184,0.03,9639487,39196463
45392,20350,19204,0.00013363,0.13,123441,50807587
80022,60627,9037,0.00019487,0.1,945424,54794058
44171,76085,461,0.00296184,0.3,9954267,10531483
90671,14282,15507,0.00001651,0.2,21380,44297385
78709,24244,14016,0.00008429,0.05,160849,16991946
63788,71216,18054,0.00182521,0.03,8291531,38574127
97165,68569,4654,0.00296184,0.15,19733663,47874562
89490,74614,2024,0.00952101,0.001,63574769,151024
58210,37778,9183,0.00108175,0.03,2378882,10408478
114059,34686,11559,0.00015297,0.05,605203,20048095
31683,32508,6174,0.00015297,0.17,157556,34122834
72822,57831,14154,0.00031941,0.07,1345182,57301813
2739,78424,15866,0.00018467,0.05,39677,62217421
84935,12015,13964,0.00001651,0.23,16848,38591061
6103,20251,12405,0.00296184,0.27,366104,67833284
65858,3776,26687,0.00078778,0.27,195927,27211303
38914,15694,4996,0.01084252,0.3,6622177,23528295
44704,5811,14677,0.00108175,0.17,281051,14501473
66823,75696,25692,0.00163948,0.03,8293048,58345779
74994,27738,25355,0.00082185,0.05,1709621,35165355
135355,38202,11339,0.00056263,0.07,2909288,30324708
66726,22607,1330,0.00163948,0.13,2473191,3910963
36799,5092,43610,0.00047003,0.03,88077,6662024
44946,23862,10346,0.00013363,0.05,143321,12345012
129648,25185,11868,0.00082185,0.17,2683583,50813846
142307,8033,2625,0.00163948,0.27,1874270,5695502
57597,63238,755,0.00078778,0.3,2869437,14330699
126922,57792,10927,0.00108175,0.005,7934737,3157595
124800,17746,12206,0.00082185,0.15,1820176,32491617
136659,27940,12162,0.00296184,0.15,11309213,50973075
78162,24539,11588,0.00082282,0.13,1578228,36970027
149955,36504,9381,0.00002483,0.2,135920,68490979
12643,99596,2325,0.00041097,0.13,517516,30104139
36139,72013,4378,0.00041097,0.03,1069560,9458446
63775,44774,6798,0.00008429,0.17,240692,51750197
148354,99024,4604,0.00370564,0.13,54438984,59269117
54699,76215,798,0.00491597,0.17,20494607,10346173
113043,41077,3683,0.00047003,0.03,2182611,4539368
66980,36237,9185,0.00082487,0.13,2002126,43272073
141073,28126,2326,0.00160539,0.005,6369983,327166
149793,78568,2030,0.00082487,0.17,9707925,27118251
23140,8628,35039,0.00370564,0.2,739906,60468002
37092,15365,48284,0.00001651,0.07,9409,51934231
53386,9774,22227,0.00001651,0.27,8615,58664254
105119,8191,8952,0.00108175,0.15,931427,10999742
100983,44691,9699,0.00082282,0.07,3713475,30343085
143676,14415,5210,0.00082487,0.17,1708472,12770319
117913,8575,11004,0.00019487,0.15,197035,14154596
143129,14578,12341,0.00015297,0.23,319183,41380938
74042,43256,5628,0.01084252,0.27,34726753,65739047
132476,27494,4938,0.00019487,0.2,709797,27158635
148584,39440,1374,0.00018467,0.15,1082204,8132810
55773,16286,14336,0.00041097,0.1,373319,23350367
99970,39586,20225,0.00013363,0.005,528846,4003415
126823,88859,2657,0.00163948,0.15,18476023,35422494
61976,26432,5920,0.00047003,0.2,769992,31299575
138522,71083,4335,0.00056263,0.2,5540010,61642556
112945,18830,13819,0.00163948,0.001,3486790,260221
67946,1906,17897,0.02533638,0.2,3281547,6823200
84008,18577,1006,0.02533638,0.2,39540932,3740510
20418,11968,27891,0.00082185,0.2,200845,66765881
30333,14254,14880,0.00041097,0.25,177699,53028812
49759,2614,21492,0.00082487,0.17,107315,9552833
86839,13389,21867,0.01084252,0.03,12607482,8784267
23962,71633,21505,0.00056263,0.03,965770,46214520
27872,33660,4176,0.00860544,0.3,8073829,42171004
119534,14986,296,0.00952101,0.15,17056374,665588
13499,38946,34963,0.00082487,0.005,433667,6808399
139920,39416,1928,0.00019487,0.2,1074756,15202048
118113,63168,1877,0.00491597,0.27,36678218,32014833
38901,3854,43891,0.00108175,0.3,162196,50751830
116768,68224,6487,0.00491597,0.07,39163128,30982527
52392,2000,17644,0.02533638,0.2,2655227,7058675
143170,72851,5332,0.00015297,0.13,1595504,50497653
38557,54026,22112,0.00018467,0.03,384695,35840441
84614,4018,3725,0.00160539,0.3,545845,4491306
44485,16752,5113,0.00018467,0.3,137625,25701076
62792,45902,1805,0.00041097,0.3,1184551,24861976
67996,55908,12112,0.00296184,0.05,11259707,33859293
95682,28543,1972,0.00047003,0.23,1283700,12948869
49881,6891,20796,0.00082487,0.17,283538,24362044
12352,12468,17608,0.02533638,0.17,3902395,37324854
11199,26434,11001,0.02533638,0.13,7500968,37806953
51832,91023,2937,0.00019487,0.13,919394,34762377
62262,12569,11875,0.00108175,0.005,846595,746346
143052,52536,2399,0.00078778,0.07,5920522,8823825
80027,15153,11376,0.00078778,0.2,955350,34478646
115963,36450,9188,0.00015297,0.2,646590,66987116
41430,11930,28171,0.00002088,0.2,10320,67221162
41846,72699,6721,0.00370564,0.01,11273405,4886774
37623,1710,39221,0.00108175,0.3,69604,20122893
111901,76334,779,0.00056263,0.23,4805928,13678481
79686,60914,10077,0.00296184,0.07,14377050,42971935
62280,73458,2207,0.00078778,0.15,3604136,24327889
22104,24818,5378,0.00182521,0.25,1001316,33370838
121480,16530,4479,0.00108175,0.23,2172316,17030235
22778,10815,19643,0.00056263,0.13,138607,27618796
23703,22268,4497,0.00078778,0.15,415822,15023582
81401,45610,6643,0.00108175,0.17,4016255,51508589
16040,39396,27507,0.00952101,0.001,6016511,1083671
4161,12489,19123,0.01084252,0.17,563597,40603716
110866,73534,17656,0.00182521,0.01,14880151,12983882
99144,97504,3991,0.00163948,0.15,15848898,58377287
52305,19935,7537,0.00296184,0.17,3088399,25546284
66190,3277,16927,0.00082282,0.15,178484,8321213
12228,10281,22617,0.00013363,0.23,16801,53483788
144319,38023,7918,0.00860544,0.005,47222253,1505374
89931,29792,8757,0.00860544,0.23,23056524,60007616
51594,92721,20107,0.00296184,0.01,14169019,18644313
54986,14587,17892,0.00013363,0.15,107182,39148904
84555,83918,22255,0.00182521,0.03,12951257,56030479
114116,19946,2585,0.00160539,0.27,3654144,13923102
71630,54634,1408,0.00296184,0.3,11591069,23091874
18829,7341,36671,0.02533638,0.25,3502645,67309410
26889,71999,9831,0.00370564,0.01,7174091,7078480
128577,13435,1547,0.00860544,0.23,14865353,4781979
94579,26926,7130,0.00182521,0.27,4648272,51843188
89300,62672,2675,0.00370564,0.2,20739217,33537183
99044,73254,1425,0.00296184,0.15,21489714,15659006
9399,66337,15140,0.00013363,0.03,83327,30132156
87206,11318,3155,0.00160539,0.25,1584568,8930147
50934,66250,15893,0.00491597,0.03,16588394,31588707
74758,70969,1479,0.00031941,0.15,1694668,15753736
86717,41736,3127,0.00078778,0.13,2851196,16971095
134963,50115,3152,0.00018467,0.15,1249062,23699508
46242,36529,1934,0.00082282,0.2,1389925,14131215
119596,15184,2537,0.00952101,0.17,17289871,6549136
39751,9041,20031,0.00018467,0.2,66377,36224403
74861,3761,13194,0.00082282,0.13,231685,6451839
50024,20037,8913,0.00182521,0.27,1829576,48222376
77588,7012,13176,0.00108175,0.17,588548,15707328
121993,53221,11925,0.00019487,0.005,1265219,3173431
126989,67460,7212,0.00041097,0.13,3520680,63253426
115832,21498,17887,0.00108175,0.15,2693822,57682133
51310,66327,13468,0.00008429,0.07,286863,62532293
131972,55300,2384,0.00008429,0.25,615158,32968910
13603,10089,26357,0.00008429,0.15,11568,39888940
8877,3484,43992,0.00031941,0.3,9881,45990272
27624,52458,15862,0.00163948,0.005,2375820,4160472
113491,42518,3849,0.00163948,0.2,7911293,32733423
50762,86228,9706,0.01084252,0.0005,47459485,418503
27348,47832,5357,0.00082487,0.17,1079063,43565662
145187,329,915,0.02533638,0.07,1213491,21132
37622,36955,6996,0.00163948,0.15,2279445,38783402
42382,53674,3279,0.00056263,0.2,1279906,35208943
16099,54215,4437,0.00034241,0.17,298866,40895601
87665,48729,17510,0.00296184,0.0005,12652686,426640
81183,42831,5905,0.00082185,0.05,2857768,12647276
13215,37014,43155,0.00370564,0.01,1812736,15973788
58665,5597,29984,0.02533638,0.15,8319487,25174495
45905,49663,2602,0.00082487,0.15,1880558,19387924
119068,16505,16260,0.00108175,0.13,2126011,34892418
37912,55799,16428,0.00041097,0.03,869404,27501373
29273,47975,30238,0.00018467,0.01,259353,14507068
65650,18087,19824,0.00491597,0.05,5837537,17929190
94087,88687,10808,0.00082185,0.07,6857851,67103577
108444,591,18014,0.01084252,0.1,694959,1064736
25990,4298,32818,0.00019487,0.27,21773,38093822
141815,72084,4985,0.00182521,0.15,18658731,53907250
81769,27614,21821,0.00160539,0.05,3624945,30128791
113223,10018,11357,0.00082487,0.23,935663,26169939
45618,54388,7874,0.01084252,0.07,26901567,29979312
63894,38439,4471,0.00860544,0.27,21135422,46407078
106923,44899,8525,0.01084252,0.15,52052697,57416751
37515,49256,17206,0.00082282,0.07,1520477,59327094
57221,61539,20390,0.00182521,0.005,6427228,6274107
73918,20432,14602,0.00108175,0.05,1633797,14918346
32352,73752,28061,0.00163948,0.01,3911935,20695721
19053,5909,27521,0.00031941,0.17,35965,27650357
142193,76384,6370,0.00001651,0.07,179321,34060442
53503,57268,1850,0.00860544,0.3,26367431,31798087
93935,73922,13905,0.00034241,0.005,2377694,5139488
18107,12950,22537,0.00015297,0.23,35872,67129085
1882,96408,20517,0.00082282,0.03,149344,59340961
111945,49638,6764,0.01084252,0.01,60249528,3357904
38161,17898,18304,0.00056263,0.15,384302,49144312
23590,50019,790,0.01084252,0.3,12793700,11868472
44607,19677,39166,0.00952101,0.005,8357244,3853527
25512,3189,29064,0.02533638,0.03,2061768,2781105
69020,29619,10640,0.00160539,0.05,3281969,15758694
11367,36617,26881,0.00041097,0.01,171068,9843198
46820,35088,10000,0.00056263,0.13,924313,45617340
38268,81011,14807,0.00047003,0.03,1457165,35986213
132093,55926,7122,0.00082282,0.15,6078625,59750458
51899,68702,24643,0.00082487,0.005,2941198,8465346
18531,49721,8755,0.00056263,0.07,518413,30473466
100503,41730,17765,0.00082282,0.001,3450970,741384
124443,1564,13001,0.00860544,0.13,1675223,2644071
534,13928,46240,0.00078778,0.1,5865,64406972
54171,69049,4887,0.00952101,0.2,35613115,67501922
77181,35387,4599,0.00015297,0.13,417799,21158611
107023,12778,6673,0.01084252,0.23,14828725,19615203
26151,48158,4480,0.00370564,0.005,4666996,1078821
5039,15645,35277,0.00082282,0.1,64872,55191732
6114,42664,21141,0.00370564,0.07,966637,63139837
142799,91268,3641,0.00019487,0.2,2539749,66471738
20374,10310,31417,0.00018467,0.05,38792,16196325
66970,42015,17454,0.00034241,0.07,963482,51334084
90343,3655,18815,0.00108175,0.2,357278,13757150
91534,90483,8372,0.00056263,0.005,4659902,3787658
89398,60028,20137,0.00952101,0.0005,51094075,604412
96832,17872,6773,0.00082487,0.15,1427529,18159347
128372,79220,6917,0.00047003,0.03,4780060,16440271
88618,85186,4158,0.00082282,0.005,6211553,1771071
112303,45995,9913,0.00002088,0.1,107854,45596748
60438,8929,15095,0.00108175,0.27,583790,36393207
42770,49462,28457,0.01084252,0.01,22937950,14076127
13828,42270,43148,0.01084252,0.0005,6337939,911958
136012,27908,6746,0.00047003,0.3,1784207,56486517
78999,60750,8504,0.00182521,0.01,8759666,5166703
16672,417,36969,0.00491597,0.15,34197,2313742
75568,16383,12784,0.00047003,0.2,581926,41891097
97236,43938,16814,0.00019487,0.07,832563,51714974
59960,96891,15808,0.00013363,0.03,776342,45951036
35846,61657,3717,0.00031941,0.15,705954,34379891
68113,13437,20825,0.00041097,0.17,376160,47574732
50356,4068,16876,0.00041097,0.25,84193,17164582
119923,10303,10249,0.00491597,0.13,6074116,13728464
20934,24889,3564,0.00160539,0.13,836506,11532585
132120,96192,6405,0.00001651,0.05,209826,30806895
10790,12194,40234,0.00018467,0.13,24300,63785073
12772,39884,13684,0.00370564,0.005,1887745,2729065
2722,44253,7025,0.00182521,0.15,219888,46638421
105590,56113,7015,0.00082282,0.01,4875209,3936776
142072,17946,11968,0.00082487,0.2,2103129,42957373
70048,28008,26539,0.00082185,0.05,1612399,37166650
100808,17638,14925,0.00082282,0.2,1463054,52651214
84676,19530,17106,0.00108175,0.2,1788961,66819509
129536,95059,1952,0.00078778,0.17,9700462,31551020
65163,9342,6235,0.00082282,0.03,500927,1747705
59101,62115,32953,0.00860544,0.0005,31591547,1023447
58225,64324,30532,0.00860544,0.03,32230464,58919556
50680,25677,28317,0.00491597,0.01,6397329,7271102
138502,70304,8703,0.00163948,0.03,15964237,18356833
73213,32765,17356,0.00078778,0.07,1889801,39808269
35614,57724,23989,0.00019487,0.03,400623,41543475
52019,19591,23435,0.00296184,0.01,3018553,4591472
137556,87265,2160,0.00041097,0.05,4933228,9425754
91220,60873,7368,0.00002483,0.15,137880,67281482
146306,88028,7276,0.00008429,0.01,1085579,6405159
14556,57246,26971,0.00370564,0.03,3087915,46321340
67585,15411,9898,0.00108175,0.01,1126733,1525502
32462,15191,13139,0.00163948,0.27,808537,53896833
28228,11045,15236,0.00041097,0.2,128145,33659647
29927,62586,11380,0.00182521,0.01,3418698,7122438
8790,21008,5266,0.00370564,0.13,684341,14382335
71474,69560,20116,0.01084252,0.03,53906672,41978567
62685,8764,21359,0.00860544,0.3,4728119,56165045
57949,5272,7868,0.00082185,0.25,251103,10371988
89753,32138,1992,0.00041097,0.17,1185455,10883853
131054,99310,12348,0.00082282,0.0005,10709064,613151
2914,11502,8793,0.00952101,0.07,319125,7080480
16321,5681,20462,0.00108175,0.25,100302,29062590
81075,61396,2998,0.00952101,0.25,47393391,46026855
121477,76645,4221,0.00108175,0.2,10071912,64704944
52831,44990,2389,0.00952101,0.005,22630667,537523
31675,6269,42255,0.01084252,0.17,2153149,45035833
74301,63567,7783,0.00056263,0.005,2657414,2473820
13665,51673,35578,0.00296184,0.001,2091471,1838479
94363,5230,18546,0.00082282,0.05,406121,4850452
8068,7164,27509,0.00056263,0.3,32525,59128652
28048,74855,22865,0.00041097,0.03,862884,51349575
22323,42565,16360,0.00041097,0.01,390512,6964035
39622,7533,18033,0.00860544,0.23,2568732,31246910
129932,33956,3780,0.00952101,0.2,42007014,25671601
74912,1334,3484,0.00160539,0.27,160485,1255295
5281,11567,38852,0.00047003,0.13,28713,58422940
33516,14747,19335,0.00108175,0.17,534712,48476577
114172,84698,4706,0.00031941,0.13,3088770,51822721
51159,22716,2259,0.00160539,0.27,1865687,13857905
95780,10019,13673,0.00860544,0.2,8258001,27398640
29145,26837,12010,0.00002483,0.2,19422,64466532
19262,19661,44929,0.00041097,0.03,155648,26502292
116600,39982,10365,0.00002483,0.13,115757,53874609
43985,51149,5612,0.00019487,0.2,438430,57413097
5833,13106,13574,0.00078778,0.23,60230,40921165
42872,36656,45279,0.00108175,0.03,1700014,49793592
44532,42425,24016,0.00082282,0.01,1554564,10188931
63829,65265,2883,0.00078778,0.2,3281826,37639716
37478,44058,20620,0.00163948,0.05,2707214,45424658
78377,82115,5569,0.00000464,0.15,29862,68598327
12771,2864,41620,0.00370564,0.05,135589,5961984
43277,34415,10719,0.00002088,0.17,31099,62713614
74690,89120,1325,0.00952101,0.3,63375803,35445931
28925,32171,1179,0.02533638,0.25,23577756,9490568
27798,99771,1086,0.00082185,0.15,2279420,16265520
92588,76143,8287,0.00370564,0.01,26124739,6310421
19873,25286,15199,0.00082487,0.01,414516,3843351
19165,22550,14748,0.00015297,0.13,66110,43235277
18538,7014,20071,0.00034241,0.3,44530,42240634
149323,67547,4282,0.00015297,0.1,1542930,28927304
22793,33724,31752,0.02533638,0.05,19476525,53542218
43685,44183,21364,0.00296184,0.03,5716843,28319082
1608,52860,8500,0.00491597,0.13,417875,58411889
32960,7267,9105,0.02533638,0.15,6069079,9925762
42203,12804,3583,0.00296184,0.03,1600566,1376601
143064,27390,4220,0.00182521,0.17,7152354,19651828
127324,14202,12459,0.00108175,0.3,1956124,53085074
28838,53414,5834,0.00019487,0.15,300174,46747082
13357,3737,49963,0.00041097,0.17,20517,31744729
40002,981,44624,0.00056263,0.2,22081,8756289
52768,11598,4469,0.00296184,0.23,1812791,11924070
74291,80848,3239,0.00163948,0.1,9847228,26190280
31991,6296,36602,0.00047003,0.25,94679,57616614
74523,35337,6319,0.00108175,0.01,2848742,2233157
23746,25972,7874,0.00296184,0.23,1826750,47039032
74610,26810,14303,0.00296184,0.17,5924737,65191887
65748,99094,10392,0.00160539,0.03,10459562,30896059
97141,34028,686,0.00108175,0.15,3575866,3504419
67016,70511,14954,0.00491597,0.01,23230088,10544468
18807,42546,7773,0.00296184,0.01,2370036,3307212
138930,71018,4653,0.00370564,0.13,36562006,42958652
71338,23827,8242,0.00108175,0.15,1838785,29459093
90385,90948,10324,0.00082282,0.01,6763959,9390426
140665,33115,8686,0.00082282,0.2,3832931,57534165
16385,32857,38118,0.00031941,0.05,171967,62624728
14432,16745,23501,0.00041097,0.15,99327,59033684
130997,97478,5628,0.00034241,0.1,4372373,54866216
97988,90894,1071,0.00491597,0.05,43784546,4870704
102500,24094,2280,0.00491597,0.13,12140976,7142411
95393,54313,3868,0.00491597,0.07,25470167,14706664
47798,3110,28586,0.00056263,0.17,83652,15116762
23814,1018,48086,0.00952101,0.13,231013,6369073
53770,47912,3867,0.00008429,0.15,217151,27796657
103121,54679,7164,0.00031941,0.005,1801054,1958861
58322,77224,10797,0.00013363,0.05,601855,41691005
35524,41436,6917,0.00952101,0.2,14014718,57328830
43302,45284,14962,0.00296184,0.005,5807920,3387749
128494,15094,2567,0.00047003,0.23,911643,8914373
84523,11011,1749,0.00370564,0.25,3449017,4815656
84648,73824,13503,0.00370564,0.001,23157073,996878
100244,35635,8152,0.01084252,0.2,38732330,58104573
138303,18150,13971,0.00082185,0.07,2063103,17751906
44505,35175,16888,0.00078778,0.07,1233261,41583426
147051,82507,5608,0.00001651,0.1,200313,46271228
72704,18392,4955,0.00019487,0.25,260581,22786062
8779,36647,6390,0.00019487,0.15,62700,35131012
103079,97058,3286,0.00160539,0.05,16061500,15947821
8177,95526,12402,0.00041097,0.05,321034,59238666
122482,19786,12730,0.00001651,0.17,40012,42820136
108745,75656,5691,0.00034241,0.01,2817126,4306203
112565,11985,8360,0.00019487,0.15,262921,15030495
21168,56690,12862,0.00047003,0.03,564060,21875878
82934,89137,21601,0.00078778,0.001,5823727,1925541
130037,81420,4458,0.00002088,0.13,221070,47194872
17761,12482,19037,0.00108175,0.23,239836,54655392
94620,16968,5258,0.00034241,0.17,549754,15167798
122207,14899,5845,0.00182521,0.27,3323317,23513390
149431,19117,5722,0.00370564,0.01,10586263,1093938
45204,27931,20154,0.00082185,0.03,1037685,16887692
89262,57918,2855,0.00078778,0.1,4072797,16539698
104718,80904,9719,0.00047003,0.005,3982197,3931777
19520,28939,5171,0.00013363,0.15,75487,22446812
43224,52105,38250,0.00163948,0.005,3692533,9965391
94987,12224,14802,0.00078778,0.13,914710,23522693
20831,8682,41118,0.00013363,0.13,24169,46412372
53738,26467,4506,0.00182521,0.27,2595988,32206345
62935,61032,3657,0.00008429,0.1,323765,22324791
128013,44114,3058,0.00952101,0.23,53767513,31027824
59734,36977,34447,0.00078778,0.001,1740081,1273791
17742,94537,13252,0.00082487,0.05,1383598,62644673
142896,21726,14369,0.00047003,0.05,1459268,15609663
108531,26544,12907,0.00082185,0.2,2367652,68524091
94993,26394,10190,0.00019487,0.05,488607,13449176
30683,7848,9094,0.00019487,0.27,46930,19272087
87110,32352,7509,0.00082487,0.17,2324706,41300557
51052,10294,38208,0.00082487,0.07,433534,27534437
79009,20012,10703,0.00015297,0.3,241869,64258202
53194,23394,40133,0.00163948,0.001,2040245,938898
7046,8924,21673,0.00860544,0.07,541209,13540082
28442,20562,34164,0.00031941,0.05,186808,35125405
136127,63170,15066,0.00082487,0.0005,7093277,475885
49733,38857,30592,0.00160539,0.001,3102422,1188730
69415,51475,23755,0.00952101,0.01,34020846,12228430
142708,11407,11904,0.00031941,0.25,519997,33950284
51481,96219,1803,0.00082487,0.07,4086061,12147185
78572,9001,15474,0.00082487,0.27,583413,37610254
18541,84938,8146,0.02533638,0.01,39902020,6919739
77894,21232,18533,0.00031941,0.03,528285,11805957
19481,15649,13349,0.00015297,0.27,46635,56405375
84371,56043,3237,0.00082487,0.17,3900416,30847285
18919,5369,38328,0.00018467,0.13,18758,26752322
32378,42098,3830,0.00015297,0.27,208509,43537357
35895,4748,11288,0.00182521,0.15,311112,8040481
148838,6317,11146,0.00160539,0.15,1509526,10562426
68204,96895,3091,0.00001651,0.23,109109,68892016
29075,18260,15175,0.00082282,0.17,436866,47109404
113859,37739,2201,0.00108175,0.2,4648226,16613321
95770,67892,894,0.00056263,0.13,3658263,7895872
124915,91892,7565,0.00056263,0.005,6458343,3476285
106020,59554,2520,0.00056263,0.27,3552434,40522244
107778,66480,12559,0.00034241,0.05,2453429,41746687
64485,38227,14351,0.00082185,0.05,2025966,27432188
61466,7681,18641,0.00491597,0.17,2321002,24341476
60940,91826,10362,0.00860544,0.001,48156018,951548
10038,78818,13331,0.01084252,0.005,8579132,5253717
50748,18885,40064,0.00491597,0.05,4711420,37831557
53164,5448,23888,0.02533638,0.17,7339671,22128929
66376,69071,6541,0.00008429,0.05,386443,22591672
101778,89470,6498,0.00047003,0.1,4280134,58141927
116778,87515,4430,0.00041097,0.17,4200087,65916071
99276,24662,14700,0.00163948,0.13,4014099,47133065
77291,3698,16712,0.02533638,0.05,7242093,3090220
111385,753,14947,0.01084252,0.17,909650,1913960
109458,88928,14145,0.00002483,0.01,241692,12579474
30002,45234,6709,0.00047003,0.23,637890,69803971
33160,76884,4814,0.00182521,0.15,4653375,55526158
6385,25637,2198,0.02533638,0.13,4147755,7328250
34294,31500,4916,0.00160539,0.07,1734270,10840339
104687,68831,17307,0.00108175,0.03,7794819,35738155
107587,53799,3145,0.00108175,0.25,6261286,42301711
33148,22849,33330,0.00047003,0.07,356008,53309296
75009,26498,16496,0.01084252,0.01,21551351,4371284
111072,80551,12379,0.00008429,0.03,754142,29914794
74870,36072,27484,0.00082282,0.07,2222250,69401615
123079,89487,5142,0.00491597,0.15,54145161,69023104
47933,76601,10278,0.00056263,0.005,2065877,3936721
26698,40091,6699,0.00034241,0.07,366502,18800739
21438,64521,24446,0.00013363,0.01,184842,15773406
11997,68920,18790,0.00056263,0.005,465228,6475064
33223,49856,17185,0.00860544,0.005,14254281,4284120
77801,96142,3666,0.00182521,0.15,13652736,52871746
22032,31720,9581,0.00002483,0.15,17353,45587985
115719,20583,6112,0.01084252,0.3,25826382,37745702
42186,10950,14594,0.02533638,0.27,11704800,43152468
32673,39568,49151,0.00031941,0.005,412947,9724260
143714,22980,12572,0.00001651,0.2,54526,57785245
119630,45305,2454,0.01084252,0.25,58765872,27799424
93688,68661,1699,0.00491597,0.03,31623603,3500534
110718,29280,11136,0.00082487,0.15,2674171,48911206
94680,42028,2534,0.00031941,0.3,1271037,31950724
15680,14140,18518,0.01084252,0.1,2404173,26186650
86135,93982,1850,0.00163948,0.25,13271960,43475914
126581,9573,4946,0.00013363,0.23,161935,10891312
54009,46386,5420,0.00002483,0.17,62206,42742862
137014,11631,9552,0.00160539,0.15,2558512,16666296
63713,21323,23956,0.00182521,0.005,2479672,2554145
131999,47960,2813,0.00491597,0.13,31122087,17541515
95301,80545,1698,0.00860544,0.17,66056619,23258728
129193,32001,2580,0.00160539,0.005,6637235,412842
91043,58971,20801,0.00019487,0.005,1046259,6133639
68035,27306,9442,0.00163948,0.01,3045896,2578516
13954,33818,38054,0.00082185,0.005,387836,6434699
102345,57425,700,0.00082282,0.15,4835921,6030907
72890,27850,27190,0.00002088,0.03,42386,22717755
21666,33248,5593,0.00952101,0.005,6858738,929873
147234,74227,1712,0.00013363,0.2,1460409,25420363
56321,36599,7429,0.00082282,0.2,1696088,54381734
82840,10157,19741,0.00082185,0.05,691514,10025733
96949,81327,14697,0.00160539,0.0005,12657865,597650
138792,62468,1854,0.00015297,0.27,1326282,31282505
60693,58579,16756,0.00182521,0.0005,6489279,490778
17885,32715,8291,0.01084252,0.25,6344550,67818889
44105,91489,3582,0.00015297,0.13,617263,42614526
95374,20504,8198,0.00002088,0.17,40832,28578981
71664,10810,29819,0.00008429,0.2,65301,64471618
29238,38008,8068,0.00082282,0.05,914412,15333951
28673,37852,8958,0.00078778,0.07,855029,23738532
109992,20548,3259,0.00108175,0.05,2444972,3349236
42644,63792,14611,0.00082282,0.07,2238381,65248083
70936,12075,11426,0.01084252,0.05,9287952,6899502
68119,63842,3655,0.00160539,0.13,6981771,30341284
94279,87168,2025,0.00108175,0.13,8889986,22954618
48933,34598,25335,0.00013363,0.07,226243,61360965
97095,6595,5699,0.00008429,0.23,53979,8645910
126403,24422,11234,0.00491597,0.0005,15176022,137190
82427,71610,25398,0.00160539,0.01,9476046,18187884
42738,34811,33201,0.00108175,0.03,1609436,34674352
85711,12614,14683,0.00047003,0.25,508191,46305808
120766,40542,4210,0.00082185,0.25,4023904,42673213
86472,8947,13177,0.00952101,0.05,7366241,5894871
54984,83377,6102,0.00034241,0.13,1569776,66141241
16371,15104,13267,0.00160539,0.25,396980,50101280
63724,95476,2057,0.00952101,0.25,57927529,49106905
30439,9865,24460,0.00018467,0.27,55458,65158616
146542,47400,14083,0.00015297,0.005,1062553,3337732
100748,15470,15642,0.00952101,0.23,14839426,55657285
87925,32547,8362,0.00041097,0.25,1176079,68044245
86957,48971,13485,0.01084252,0.03,46171710,19811745
130042,65776,1914,0.00047003,0.17,4020542,21404568
5809,84755,1876,0.00952101,0.27,4688257,42949093
77698,6250,17920,0.00082487,0.3,400582,33602895
78663,19299,12625,0.00082185,0.005,1247707,1218330
2649,84683,24624,0.02533638,0.0005,5684914,1042655
38606,87918,4883,0.00491597,0.005,16685899,2146730
52088,15022,17838,0.00041097,0.03,321591,8039611
66429,32330,13784,0.00047003,0.15,1009475,66849248
117618,10808,992,0.00108175,0.13,1375257,1394957
66514,4151,7842,0.00182521,0.25,504027,8140384
98886,8611,6183,0.00078778,0.17,670882,9052354
133625,11526,13352,0.00491597,0.25,7571851,38478673
42436,8516,26991,0.00013363,0.3,48295,68962861
145430,80648,3878,0.00031941,0.13,3746282,40663288
64097,29365,29174,0.00182521,0.005,3435449,4283573
100514,35548,10445,0.00182521,0.15,6521707,55698280
90087,69439,2220,0.00018467,0.2,1155221,30836400
138340,85490,3479,0.00082185,0.17,9719856,50563045
114462,63098,14564,0.00860544,0.005,62151931,4595101
86651,14625,2522,0.00013363,0.15,169353,5533435
136355,32014,3182,0.00491597,0.07,21459785,7131926
142780,54030,6777,0.00296184,0.17,22849102,62254817
140006,72416,7045,0.00296184,0.1,30029388,51019636
53373,79021,8062,0.00047003,0.01,1982397,6371423
135369,2777,4545,0.00296184,0.25,1113521,3156135
62466,4438,32038,0.00108175,0.13,299930,18486882
95597,13088,12262,0.00056263,0.23,703966,36915078
89687,14939,11773,0.00018467,0.15,247437,26384414
26933,53755,4812,0.00296184,0.17,4288244,43978008
55439,80579,1561,0.00182521,0.27,8153832,33966424
21709,41970,48083,0.00082185,0.005,748834,10090381
75500,14319,14792,0.00108175,0.005,1169559,1059132
65922,18166,10312,0.02533638,0.005,30342190,936689
91142,12972,5935,0.00860544,0.25,10174449,19249592
119981,16464,15334,0.00491597,0.23,9711217,58070574
29019,10514,24642,0.00296184,0.27,903732,69957326
114594,84115,1038,0.00034241,0.03,3300535,2619409
45023,76206,8429,0.00860544,0.005,29525732,3211823
57831,40216,14699,0.00034241,0.07,796374,41381005
86561,24401,3775,0.00082487,0.03,1742347,2763954
124514,47794,16982,0.00008429,0.07,501618,56817108
31956,78638,13446,0.01084252,0.03,27247411,31722895
52888,85865,4136,0.01084252,0.005,49238999,1775691
10843,14458,30625,0.02533638,0.1,3972218,44279242
93284,87084,5230,0.00034241,0.15,2781610,68321502
87996,78232,2474,0.00015297,0.27,1053073,52257739
88707,27388,1625,0.00056263,0.03,1366926,1335779
143769,831,14638,0.00056263,0.3,67259,3651449
109062,5263,9675,0.00047003,0.3,269817,15277662
67532,50777,1204,0.00078778,0.13,2701416,7948751
82627,55397,7160,0.00491597,0.05,22502235,19832457
13864,64032,10136,0.00018467,0.07,163951,45434242
9970,29796,19815,0.00047003,0.03,139639,17712984
27251,27654,2344,0.00182521,0.2,1375507,12964342
16002,44523,28106,0.00082185,0.03,585545,37542424
63695,910,24354,0.00370564,0.27,214848,5985484
128795,85917,4489,0.00296184,0.1,32775248,38574923
142828,3260,12642,0.00296184,0.23,1379176,9479640
98193,18707,13920,0.00047003,0.03,863416,7812474
7317,7278,26334,0.00031941,0.3,17012,57504538
86160,70311,3467,0.00182521,0.27,11057131,65827311
45950,9687,41068,0.00034241,0.15,152428,59680999
7102,52391,13348,0.00082185,0.07,305834,48953765
117473,19911,12853,0.00047003,0.17,1099416,43509121
55589,12127,32021,0.00002483,0.1,16738,38832786
147025,66880,218,0.00370564,0.2,36438004,2922724
74391,16007,7946,0.00296184,0.27,3526935,34342785
104630,9380,10427,0.02533638,0.15,24867579,14672396
43142,34755,14831,0.00082282,0.03,1233770,15463876
54758,12540,25519,0.00002483,0.13,17051,41604103
57762,16292,4668,0.00041097,0.23,386753,17495317
20049,47038,2896,0.00082185,0.03,775081,4087193
147112,7137,7651,0.00082282,0.17,863924,9283280
143793,94530,4731,0.00082487,0.13,11212368,58149374
10259,33362,19781,0.00056263,0.05,192576,32997732
37955,17548,11944,0.00082487,0.27,549420,56592894
12794,30404,11169,0.00491597,0.005,1912423,1698029
41716,1528,48939,0.00296184,0.15,188905,11223410
37196,29105,16987,0.00078778,0.005,852870,2472196
110126,57098,2512,0.00952101,0.23,59868882,32993807
8182,13786,8922,0.00296184,0.15,334103,18451299
18148,18364,19419,0.00056263,0.17,187516,60629063
40195,24102,23034,0.00952101,0.1,9224040,55518603
16566,5053,30020,0.00082487,0.05,69054,7585169
42216,29401,12661,0.00182521,0.07,2265511,26059241
50918,55054,16409,0.00082487,0.07,2312356,63239497
7063,59916,4350,0.00370564,0.23,1568345,59946608
39523,49021,420,0.00952101,0.3,18446961,6189340
59727,21613,3717,0.00018467,0.2,238399,16068081
76453,4896,13464,0.00296184,0.3,1108729,19777828
117355,60103,17382,0.00108175,0.01,7630172,10447266
22975,2381,40471,0.00056263,0.2,30779,19273426
46426,68796,19586,0.00163948,0.005,5236474,6737523
110231,10373,2591,0.00108175,0.23,1237009,6183070
77644,42191,6829,0.00082185,0.1,2692352,28816240
46157,10736,40629,0.00108175,0.03,536103,13087097
78246,20255,7759,0.00860544,0.27,13638659,42434269
29621,57362,22002,0.00491597,0.001,8353081,1262109
68600,7338,28713,0.00108175,0.3,544610,63218078
75371,35441,10205,0.01084252,0.07,28963295,25317751
33699,35145,10559,0.00034241,0.17,405551,63091417
110825,21706,709,0.00491597,0.15,11826031,2309565
10160,10643,36369,0.01084252,0.13,1172463,50321986
39404,25475,41680,0.01084252,0.005,10884094,5309135
71007,30439,12782,0.00491597,0.03,10625341,11672683
70841,95545,4315,0.00018467,0.13,1249953,53608194
18458,7585,7211,0.00296184,0.13,414729,7111664
105512,17486,14266,0.00034241,0.25,631755,62369043
41773,25567,33592,0.00491597,0.005,5250507,4294467
128996,668,6676,0.00370564,0.15,319550,669462
89709,77798,10540,0.00860544,0.005,60059627,4100339
41096,24657,10578,0.00008429,0.2,85416,52171098
88998,25196,4008,0.00047003,0.15,1054009,15149256
99054,52000,7063,0.00860544,0.1,44325446,36727967
13862,37279,6454,0.02533638,0.2,13093716,48124760
69350,66165,24872,0.01084252,0.005,49752332,8228563
71370,29843,4520,0.00952101,0.1,20279199,13490858
90282,18060,8953,0.00082185,0.23,1340051,37192600
49777,36994,13170,0.00082487,0.07,1518990,34105783
124279,58082,2980,0.00182521,0.13,13175139,22507337
39334,25794,6628,0.00860544,0.23,8731065,39326111
7128,53948,5382,0.00370564,0.03,1425149,8712135
96616,42132,9562,0.00952101,0.15,38757311,60433585
110918,77937,287,0.00370564,0.3,32034001,6729845
69289,39490,997,0.00860544,0.01,23546945,394054
88522,83673,11253,0.00031941,0.005,2365859,4708172
22891,26710,6186,0.00182521,0.2,1116029,33050967
114694,60913,2437,0.00952101,0.3,66518534,44551133
52755,19228,29793,0.00370564,0.005,3759071,2864446
56308,63527,3129,0.00002088,0.25,74690,49705772
33450,68388,6257,0.00002483,0.1,56802,42795102
103856,3453,7023,0.00018467,0.25,66239,6064228
62116,12894,13857,0.00370564,0.13,2968196,23230029
41358,4737,34011,0.02533638,0.2,4964527,32227261
145137,20818,863,0.00182521,0.17,5514892,3055598
109665,6151,15353,0.00034241,0.23,230997,21723744
11952,74935,8091,0.00952101,0.005,8527475,3031693
46695,49204,25095,0.00370564,0.01,8514146,12347903
36936,6590,2715,0.02533638,0.25,6167237,4474496
36886,1104,36185,0.00047003,0.15,19148,5994766
68608,37745,6975,0.00108175,0.13,2801386,34226457
14650,69733,5863,0.00952101,0.07,9727138,28621998
35337,40896,3533,0.00034241,0.17,494847,24566824
25995,9051,12183,0.00008429,0.3,19833,33083781
114912,19521,9190,0.00013363,0.27,299762,48442173
81165,17642,17014,0.02533638,0.0005,36281731,150088
51516,2445,32346,0.00163948,0.2,206540,15820150
32152,41437,13492,0.00056263,0.01,749593,5590941
59398,50314,20177,0.00370564,0.001,11074702,1015194
80562,96020,7597,0.00082487,0.05,6380934,36477889
26093,30795,5503,0.00008429,0.17,67732,28810313
51851,42871,2236,0.00370564,0.27,8237471,25889428
78317,2304,19474,0.01084252,0.3,1956645,13461883
102293,92149,15717,0.00031941,0.03,3010847,43449860
147047,16642,3183,0.00163948,0.17,4012309,9007196
35599,9585,38332,0.00108175,0.03,369118,11022608
13153,76904,23956,0.00860544,0.005,8704881,9211673
99388,95942,2157,0.00370564,0.01,35335477,2069510
36173,25067,26327,0.00008429,0.05,76429,32997420
39842,1425,32746,0.01084252,0.3,615624,13999723
116813,8656,13214,0.00182521,0.15,1845678,17158782
93625,60734,3466,0.00008429,0.1,479297,21052577
23399,92273,11825,0.00491597,0.05,10614466,54558606
130944,7357,2193,0.00491597,0.3,4735839,4841866
127540,34581,6895,0.00296184,0.1,13063152,23844034
7929,9555,22561,0.00296184,0.15,224421,32336795
78524,34189,1356,0.02533638,0.27,68020463,12526240
62222,59948,419,0.00952101,0.03,35514661,754069
42429,42459,21720,0.00163948,0.005,2953623,4611198
74122,41736,4434,0.00182521,0.07,5646540,12956914
81158,19385,23201,0.01084252,0.15,17058303,67463688
44352,1690,29775,0.00047003,0.27,35251,13594279
118723,60359,1978,0.00034241,0.25,2453753,29854532
5211,22027,8867,0.02533638,0.13,2908344,25393712
37321,9144,21010,0.00056263,0.03,192024,5764014
64549,12156,3544,0.00082185,0.27,644906,11632615
18029,15509,16930,0.00108175,0.15,302494,39388671
38096,79519,12287,0.00296184,0.0005,8972688,488551
149249,28237,4499,0.00001651,0.25,69581,31763777
73745,8874,21035,0.00019487,0.13,127534,24268210
146971,24597,2151,0.00108175,0.23,3910608,12169905
37191,79610,13695,0.00002483,0.05,73518,54513619
84888,12868,14280,0.00078778,0.15,860545,27565358
43956,73655,18027,0.00001651,0.03,53453,39834529
22681,37576,8495,0.01084252,0.001,9240765,319239
66504,78876,13818,0.00370564,0.05,19438339,54499296
97210,14396,17648,0.00296184,0.03,4145168,7622660
99651,19936,9663,0.00370564,0.23,7361879,44311901
36175,27555,49444,0.00860544,0.05,8578138,68124160
55220,10260,1949,0.02533638,0.15,14354821,3000325
82834,27528,11551,0.00370564,0.07,8450081,22259394
70521,19135,12614,0.00370564,0.2,5000685,48278074
83451,63753,17257,0.00008429,0.01,448446,11002092
57572,49419,13423,0.00008429,0.1,239824,66339884
79855,32646,1287,0.01084252,0.03,28266198,1261417
140937,17416,2260,0.00108175,0.01,2655309,393700
114692,29598,3132,0.00078778,0.15,2674339,13907366
112408,39653,3825,0.00013363,0.03,595644,4550693
98800,40382,2182,0.00370564,0.23,14784635,20269144
145900,29249,749,0.00082487,0.1,3520111,2193534
123048,50105,6047,0.00001651,0.13,101791,39389913
51088,4313,38837,0.00002483,0.25,5471,41877684
5814,74342,3779,0.00160539,0.15,693896,42147719
83689,6552,20717,0.00078778,0.25,432003,33938337
45989,23295,46367,0.00041097,0.05,440296,54008623
84372,12935,8310,0.00296184,0.3,3232427,32249286
78857,9775,6845,0.02533638,0.15,19530045,10037439
84464,33862,3693,0.00041097,0.27,1175461,33766314
85608,1185,16673,0.00491597,0.3,498919,5929883
122798,80676,2614,0.00031941,0.25,3164380,52737410
103489,82431,15848,0.00008429,0.03,719056,39191679
89328,58272,4475,0.00296184,0.005,15417465,1304133
62017,15100,12497,0.00860544,0.005,8058934,943624
137649,41214,3684,0.00952101,0.3,54014637,45552213
133800,71093,3860,0.00034241,0.15,3257110,41167728
96243,11699,14317,0.00034241,0.27,385553,45227519
30799,73968,1634,0.00082487,0.25,1879198,30231397
81916,11839,2888,0.00370564,0.17,3593777,5813800
122333,30907,8624,0.00296184,0.2,11198692,53310681
95026,34277,7110,0.00082282,0.07,2680162,17061553
38113,47946,17579,0.00163948,0.01,2996014,8428636
83857,28676,21086,0.00002483,0.05,59708,30233289
42629,10613,23673,0.00296184,0.005,1340071,1256277
96630,63544,2636,0.00491597,0.15,30185858,25131143
34934,38196,2189,0.00860544,0.23,11483048,19234364
50174,13136,4728,0.00108175,0.27,713000,16771400
94870,79073,1688,0.00182521,0.17,13692307,22692559
31340,38485,10214,0.00860544,0.15,10379285,58966077
45245,62446,3331,0.00078778,0.3,2225849,62409776
34501,95236,4138,0.00082487,0.05,2710407,19708694
102673,87802,1960,0.00015297,0.15,1379024,25825028
106716,6058,15324,0.00019487,0.17,125985,15782445
130034,10558,1369,0.00082282,0.17,1129696,2458915
48431,20929,13551,0.00491597,0.13,4983018,36870265
75942,25749,14748,0.00296184,0.1,5791819,37977426
120984,19029,15410,0.00491597,0.17,11317650,49853150
78445,40179,16104,0.00019487,0.1,614217,64705631
31480,1049,11999,0.01084252,0.25,358152,3147868
57166,65266,21849,0.00952101,0.001,35522954,1426006
46187,781,41982,0.00163948,0.27,59198,8861628
31416,31011,14088,0.00182521,0.13,1778248,56798857
26094,11484,43209,0.00182521,0.07,546972,34736264
102226,64341,11273,0.00491597,0.0005,32334201,362691
129249,66803,5953,0.00008429,0.15,727790,59656462
138756,92150,2193,0.00034241,0.27,4378237,54579993
123355,5859,13526,0.00296184,0.13,2140997,10304400
53856,28318,20410,0.00015297,0.07,233303,40459631
3712,6927,29965,0.00370564,0.13,95307,26986123
140467,7457,3580,0.00082185,0.27,860870,7209031
29658,13200,25169,0.00015297,0.17,59889,56482074
60567,40756,26601,0.00082282,0.05,2031142,54208257
81030,77505,13691,0.00002483,0.05,155941,53058717
64024,3783,14414,0.00031941,0.2,77376,10908429
36628,54430,39270,0.01084252,0.01,21616675,21375423
53186,1287,8661,0.00860544,0.25,589116,2787289
34417,1747,45555,0.00182521,0.05,109755,3979659
61712,4078,13587,0.00082185,0.27,206835,14961461
9633,54419,3999,0.00018467,0.23,96810,50056127
17115,6034,26182,0.00952101,0.13,983418,20540809
101444,16282,11489,0.00182521,0.01,3014850,1870724
8385,43049,18200,0.00082185,0.07,296682,54846552
72860,65820,10732,0.00860544,0.03,41269493,21192706
31373,18572,14582,0.00013363,0.17,77862,46040037
55104,10152,26318,0.00078778,0.03,440706,8015772
105402,14956,1559,0.00056263,0.23,886957,5363109
140088,93435,867,0.00108175,0.23,14159292,18648147
41574,22345,48113,0.00160539,0.03,1491395,32252961
76811,62416,6628,0.00056263,0.03,2697433,12411807
40299,18926,19782,0.00082487,0.17,629160,63650958
131798,21787,10199,0.00015297,0.23,439258,51108506
34601,31225,3279,0.00860544,0.25,9297808,25597661
14254,77754,5421,0.00034241,0.07,379503,29509723
26180,27785,16712,0.02533638,0.01,18430818,4643631
113349,51649,8420,0.00296184,0.1,17340073,43493487
123944,36026,9723,0.00041097,0.17,1835078,59549860
47983,6395,5719,0.00019487,0.27,59806,9877368
113168,68505,1672,0.00019487,0.25,1510772,28650228
120261,98763,13884,0.00013363,0.03,1587188,41137929
52223,73235,2648,0.00008429,0.2,322375,38790803
19408,1386,21340,0.00108175,0.17,29119,5031535
60730,16223,16481,0.00002088,0.15,20571,40107448
65547,93438,2879,0.00952101,0.2,58312915,53812096
45527,5045,18417,0.00082282,0.15,188993,13937699
128384,10670,12003,0.00370564,0.2,5076649,25618254
46335,1695,23114,0.00082282,0.13,64656,5095780
16715,24577,48863,0.00082487,0.005,338888,6004768
91212,82354,19952,0.00078778,0.001,5917606,1643156
72968,14507,20982,0.00047003,0.005,497561,1522015
142586,4318,12859,0.00019487,0.23,119994,12772463
86838,9468,13748,0.00056263,0.17,462599,22130378
26551,1524,12511,0.00163948,0.15,66361,2861140
129002,34588,16176,0.00019487,0.01,869514,5595155
79078,16351,11937,0.00056263,0.17,727491,33182887
17421,3158,39206,0.02533638,0.15,1394308,18576760
39883,47133,23406,0.00108175,0.001,2033552,1103223
5125,19189,15150,0.00082282,0.17,80930,49425962
25503,65751,31716,0.00860544,0.01,14430590,20854008
123501,14829,9360,0.00018467,0.15,338220,20822730
14103,73470,12195,0.00078778,0.01,816312,8960188
72801,50658,5087,0.00952101,0.1,35113312,25772572
25286,837,36945,0.00370564,0.15,78459,4640342
50306,11135,2303,0.00370564,0.23,2075802,5899152
99042,21176,7991,0.00056263,0.27,1180030,45692118
35836,24232,6056,0.00082185,0.03,713690,4402905
133475,98824,8825,0.00013363,0.05,1762667,43609990
78555,9952,2893,0.00047003,0.23,367495,6622585
78366,10506,5314,0.00047003,0.3,387003,16751582
120986,60571,3701,0.00015297,0.23,1121006,51573176
133870,85107,6374,0.00108175,0.001,12324834,542527
15715,40226,9712,0.02533638,0.0005,16017199,195342
85870,64383,3022,0.00160539,0.01,8875600,1945748
149508,3241,14350,0.00108175,0.13,524280,6047541
30363,73196,24908,0.00047003,0.005,1044622,9116093
15316,34330,5144,0.00018467,0.25,97106,44151213
10091,10189,23876,0.00163948,0.03,168586,7298613
83522,10329,5803,0.00013363,0.25,115287,14986207
7300,20423,36760,0.00491597,0.05,733007,37538078
69353,12397,7520,0.00018467,0.13,158785,12120625
108337,9776,17332,0.00034241,0.23,362662,38973167
146116,15989,8028,0.00013363,0.3,312211,38513493
50986,17220,39483,0.01084252,0.005,9520181,3399679
84940,4229,2206,0.01084252,0.17,3895117,1586119
35009,9682,18090,0.00041097,0.15,139309,26274117
77302,26516,16055,0.02533638,0.005,51934008,2128684
101265,5295,20628,0.00491597,0.03,2635980,3276876
75134,12373,2399,0.00056263,0.13,523066,3859369
29873,90549,11688,0.00082487,0.05,2231312,52919854
6396,82890,4941,0.00860544,0.17,4562864,69639056
90433,16613,12022,0.00031941,0.17,479903,33954848
65704,32754,5418,0.00041097,0.3,884460,53241882
46498,92174,22576,0.00056263,0.01,2411438,20810150
67996,74079,25691,0.00082185,0.005,4139756,9515970
134117,56959,3187,0.00056263,0.17,4298113,30869237
14088,40146,9306,0.00018467,0.05,104447,18680935
132622,40003,6124,0.00160539,0.001,8517214,245012
9428,79619,3270,0.01084252,0.17,8139530,44265384
47833,52281,11377,0.00047003,0.07,1175454,41636774
17759,43288,7453,0.00860544,0.05,6615729,16133031
108906,15711,17154,0.01084252,0.15,18552295,40427531
14207,68075,5440,0.00019487,0.1,188471,37033719
75829,19839,6834,0.00047003,0.23,707123,31187796
132886,46334,10865,0.00041097,0.13,2530438,65450372
58668,24638,17499,0.00015297,0.1,221120,43117639
45899,68790,21627,0.00018467,0.03,583089,44633018
110908,9919,2423,0.00034241,0.17,376693,4086753
1848,64745,16631,0.00056263,0.05,67333,53840833
88271,43157,2548,0.00860544,0.23,32782779,25300589
110773,70145,9952,0.00013363,0.01,1038344,6981359
80589,17498,3604,0.00082487,0.1,1163260,6306695
60033,5445,19816,0.01084252,0.1,3544630,10791564
120839,50527,8780,0.00860544,0.07,52542048,31057297
47657,37735,34926,0.02533638,0.05,45564267,65898346
114591,3158,7411,0.00034241,0.2,123935,4682145
147238,54911,7528,0.00296184,0.005,23946767,2067108
65896,58582,31178,0.00041097,0.01,1586481,18265074
27913,2456,40722,0.00082185,0.3,56347,30007520
51879,20800,7173,0.00082487,0.17,890141,25365116
82569,34669,1964,0.00160539,0.07,4595645,4767716
26689,24945,10348,0.00082282,0.13,547816,33558389
69007,15791,15563,0.00047003,0.01,512212,2457758
126844,9195,7845,0.00860544,0.23,10037895,16593706
97040,37392,8669,0.00031941,0.13,1159001,42140629
35502,24051,4006,0.00370564,0.005,3164192,481860
99035,1713,8476,0.00370564,0.01,628689,145215
47609,17518,6995,0.00018467,0.15,154020,18381625
15716,2209,30840,0.00491597,0.23,170693,15671446
90031,42915,12382,0.00860544,0.0005,33249145,265703
92784,3657,10555,0.00491597,0.07,1668300,2702430
72808,7536,17654,0.00160539,0.01,880926,1330565
49206,24341,33758,0.00082185,0.07,984397,57522333
48234,38463,11680,0.00491597,0.15,9120364,67391809
29071,47644,32600,0.00019487,0.005,269912,7766110
70405,70789,18242,0.00491597,0.01,24501130,12913979
15945,4543,23783,0.01084252,0.17,785460,18368965
108206,17348,17904,0.00001651,0.15,30993,46592178
149626,45170,4273,0.00056263,0.01,3802617,1930446
47984,11376,32542,0.00018467,0.15,100812,55533733
57185,54797,7778,0.00008429,0.05,264131,21313253
108780,87037,3489,0.00078778,0.005,7458617,1518731
42134,16316,15230,0.00078778,0.2,541575,49701570
108694,4562,8293,0.00182521,0.1,905216,3784246
73775,21308,10383,0.00108175,0.15,1700523,33188048
134344,70936,12491,0.00370564,0.03,35314202,26582231
131168,42895,2656,0.00108175,0.07,6086553,7977656
37091,39964,23441,0.00160539,0.05,2379772,46842246
94025,48230,6778,0.00082185,0.17,3727057,55580602
64727,24398,9444,0.00041097,0.3,649017,69131561
55613,22163,18833,0.00015297,0.13,188550,54264914
39133,73689,1855,0.00013363,0.23,385354,31451652
121529,30410,5983,0.00370564,0.23,13695378,41849822
61415,6437,15333,0.00860544,0.25,3402262,24677007
55830,57401,36756,0.00018467,0.01,591827,21098951
145427,2617,6079,0.00370564,0.25,1410590,3978226
127514,19452,15773,0.00001651,0.13,40953,39889860
54878,11686,33633,0.00019487,0.07,124976,27514033
21847,12959,27956,0.00160539,0.13,454553,47099860
102049,59862,757,0.00860544,0.3,52569961,13603705
122009,43256,15992,0.00056263,0.001,2969398,691785
7477,74246,8160,0.00056263,0.1,312379,60586863
3304,87024,2203,0.00370564,0.13,1065607,24929437
31988,35124,7572,0.00082282,0.15,924518,39896408
129561,4065,5094,0.00013363,0.2,70381,4141777
52997,59347,18456,0.00163948,0.005,5156583,5476661
91693,38945,5109,0.00001651,0.2,58958,39797735
39809,16387,8566,0.00182521,0.07,1190744,9826828
22403,63795,26881,0.00082487,0.03,1178949,51448535
24576,25126,48683,0.00008429,0.05,52051,61162927
22084,19077,47798,0.00163948,0.005,690756,4559461
131957,57529,5698,0.00296184,0.15,22484692,49174524
63427,28680,20661,0.00082487,0.05,1500565,29629834
101773,66197,4228,0.00000464,0.25,31260,69978179
104640,11798,5374,0.00082282,0.01,1015889,634117
139418,13043,14408,0.00108175,0.27,1967151,50741036
48188,4012,28849,0.00108175,0.01,209165,1157612
73266,19537,13652,0.00082185,0.23,1176437,61349870
126406,52269,6702,0.00047003,0.17,3105554,59560352
59911,37530,20157,0.00001651,0.07,37122,52955082
70938,6237,4544,0.00013363,0.23,59130,6519541
127148,16270,4320,0.00108175,0.2,2237850,14058140
105338,18403,7308,0.00002088,0.25,40477,33625627
117448,25664,11411,0.00001651,0.23,49765,67357941
8770,83468,22375,0.00952101,0.001,6969995,1867678
140433,42083,8565,0.00860544,0.13,50857044,46859173
60333,88658,1913,0.00041097,0.27,2198308,45797142
58182,38661,6290,0.00019487,0.15,438343,36481471
108087,12610,3734,0.00041097,0.3,560157,14129721
138847,26064,5323,0.00078778,0.03,2850930,4162554
100883,19361,2857,0.00041097,0.27,802715,14939784
133909,29650,11143,0.00952101,0.17,37802616,56171555
90314,79836,19085,0.00082185,0.03,5925899,45711071
70094,61867,23852,0.00182521,0.005,7915102,7378372
113424,5936,9464,0.00082282,0.13,554023,7304292
102978,88696,1633,0.00002483,0.25,226792,36225958
112053,84912,15214,0.00078778,0.005,7495561,6459476
104040,52796,11297,0.00001651,0.1,90689,59646665
143145,6771,14880,0.00013363,0.25,129536,25192654
19752,5998,36986,0.00031941,0.13,37848,28844166
85454,49826,824,0.00047003,0.07,2001331,2875681
73228,31311,712,0.00182521,0.03,4184969,669062
27990,14511,16266,0.00163948,0.13,665920,30686207
63926,58698,21431,0.00047003,0.03,1763726,37740518
88263,89988,2534,0.00078778,0.23,6257109,52448941
127492,67894,8994,0.00019487,0.07,1686812,42746615
44037,46903,4576,0.00034241,0.23,707257,49369804
116957,18109,5848,0.00491597,0.15,10412286,15887125
117129,37728,9504,0.00008429,0.1,372484,35857637
54745,18215,8454,0.00163948,0.3,1634891,46202415
88155,79258,19942,0.00018467,0.005,1290299,7903096
58500,72396,2366,0.00491597,0.3,20820430,51394195
78441,27920,14057,0.00952101,0.13,20851937,51025114
136233,91496,888,0.00082185,0.05,10244319,4062949
134040,9258,2760,0.00491597,0.01,6100521,255554
94741,3356,15316,0.00491597,0.15,1563061,7710242
45728,52231,6071,0.00491597,0.2,11741599,63419426
25845,6614,29098,0.01084252,0.2,1853575,38494486
94177,8312,10788,0.00031941,0.25,250056,22421007
147930,31432,996,0.00031941,0.07,1485205,2193518
126158,41054,16330,0.00008429,0.005,436569,3352189
23154,12305,21618,0.00008429,0.07,24016,18621988
19337,41353,6403,0.00013363,0.05,106859,13241418
120179,2160,6249,0.00015297,0.15,39722,2025589
95104,14396,16308,0.00000434,0.27,5942,63392847
107600,3890,16861,0.00041097,0.01,172051,656050
35775,12721,10228,0.00082487,0.01,375430,1301230