lr,lc,rc,ld,rd,lnnz,rnnz,smdm_total_latency,smsm_total_latency
97366,33288,5958,0.00056263,0.13,1823595,25785518,34588,76241
37277,6335,8305,0.00015297,0.2,36129,10524778,5584,4022
122335,65522,2027,0.00041097,0.25,3294205,33216643,33295,50312
85283,55401,5954,1.65E-05,0.13,78006,42884765,31766,5405
88648,49392,11945,0.00296184,0.005,12968430,2949991,345328,53227
39049,43377,14025,0.00031941,0.03,541033,18252082,31694,20547
106348,17623,17965,0.00491597,0.13,9213441,41159621,471616,412629
58019,54547,17077,0.00108175,0.07,3423537,65207439,133459,167477
133764,1840,9040,0.00078778,0.15,193897,2495264,12644,18996
132278,48224,8077,0.00047003,0.15,2998367,58429137,94069,174315
17639,14561,16707,0.00160539,0.13,412379,31628398,30814,36391
15728,31500,45522,0.00860544,0.03,4263462,43019639,263064,116536
87003,95285,15346,0.00182521,0.0005,15131430,731149,527278,7771
74841,20268,16085,0.00047003,0.005,713008,1630128,30156,3420
134987,39791,9266,0.00018467,0.13,991923,47932957,54885,101564
62177,74537,22036,0.00082487,0.001,3822919,1642560,150852,7235
108666,10740,19512,0.00078778,0.17,919427,35627383,60265,188507
32231,80720,577,0.00160539,0.3,4176859,13985604,4159,6960
68306,38201,16043,0.00082282,0.03,2147067,18386741,71816,71795
91522,11923,20111,0.01084252,0.0005,11831944,119900,540971,7852
71595,49258,560,0.00082185,0.13,2898403,3589833,3314,6040
73287,5810,17923,0.00015297,0.3,65139,31243081,24432,27410
80348,24008,14712,2.48E-05,0.13,47897,45919803,39585,7599
105970,16771,5723,0.01084252,0.2,19270355,19197223,290667,206628
53708,99995,1909,0.00018467,0.13,991788,24821230,7002,11047
9330,12165,12704,0.00860544,0.13,976794,20092750,15790,20215
49255,32636,13889,0.00491597,0.03,7902553,13599335,184528,93289
8481,44708,6048,0.00078778,0.23,298728,62197325,8025,8077
35773,24749,7821,0.00047003,0.17,416149,32907979,18659,33173
66341,87385,9302,1.65E-05,0.07,95713,56904020,48015,6221
7297,11850,43501,0.00160539,0.03,138831,15465088,20875,17138
109258,67641,5832,0.00013363,0.13,987586,51286831,54107,59694
17199,84760,1995,0.00296184,0.03,4317875,5074350,15230,5466
9314,7419,13478,0.00163948,0.2,113298,20000240,4151,17268
43659,47194,33980,2.09E-05,0.03,43023,48110586,62041,4012
34130,54768,3405,0.00370564,0.005,6926936,932440,36710,6438
82597,83646,2519,0.00013363,0.03,923240,6321702,12241,5640
69420,40962,10465,0.00952101,0.13,27074371,55732444,480653,367858
33895,53317,26714,0.00370564,0.01,6696942,14243336,290745,92404
98966,87945,14688,0.00370564,0.0005,32252780,645897,1192297,20294
124226,83003,2310,0.00370564,0.23,38209922,44118447,314236,224158
16232,10652,12684,0.00182521,0.05,315616,6756092,10513,13849
116115,98118,11052,0.00031941,0.05,3639059,54223806,146549,150395
66177,6349,17332,0.00952101,0.1,4000474,11004602,118117,158641
110661,20042,1144,0.00031941,0.23,708415,5275053,4102,12804
106078,18553,6299,0.00018467,0.17,363448,19870443,17312,30888
95437,99103,2109,0.00296184,0.25,28013575,52252550,158024,155610
84667,17519,6750,0.00160539,0.2,2381336,23654003,40901,97186
31526,11513,45258,0.00182521,0.07,662517,36475921,69185,123332
78312,23565,7906,0.00015297,0.3,282301,55892512,29947,49600
34422,86478,23247,0.00163948,0.0005,4880418,1005186,189685,3565
76873,97636,16492,0.00370564,0.03,27813025,48309209,779413,275059
32360,2665,45187,0.00031941,0.07,27555,8432644,15662,8023
147394,27458,5779,0.00041097,0.2,1663311,31738071,39619,111812
56692,88821,2138,0.00860544,0.2,43333045,37984798,143528,137663
17525,66539,8771,0.00031941,0.03,372484,17509862,17950,6741
1009,17035,19372,0.00296184,0.17,50953,56103796,18055,3722
6600,8834,39569,0.00015297,0.13,8920,45445522,13786,3418
92509,84398,3068,0.00370564,0.13,28932221,33670638,229007,138693
139925,7761,5943,0.00182521,0.2,1982194,9226373,32621,98226
8213,29864,12338,0.00860544,0.1,2110867,36848979,40350,26626
79098,33153,27005,0.00296184,0.03,7767106,26859588,386313,258493
29129,30290,17065,0.00182521,0.07,1610458,36185243,61678,70980
88999,13706,10833,0.01084252,0.0005,13226192,74244,312921,3125
145855,29838,5432,0.00034241,0.27,1490188,43763326,38719,111561
96800,66343,67,0.00491597,0.25,31570600,1117164,5705,5305
141319,77728,4482,0.00296184,0.05,32534593,17419100,528567,154983
144418,7770,9316,0.00056263,0.3,631369,21718658,29203,115501
33410,61523,6558,0.00491597,0.001,10104867,403493,99187,3650
4614,77191,1977,0.01084252,0.17,3862101,25955135,12018,10112
149498,24663,3553,0.00056263,0.15,2074507,13144557,23722,63658
137841,16598,5004,0.00182521,0.23,4176065,19105917,74157,124723
105169,78939,2704,2.09E-05,0.23,173346,49111665,24734,8876
115721,77929,1260,0.00019487,0.15,1757358,14735341,6314,18148
46787,1840,40047,0.00182521,0.25,157185,18428395,25158,94023
145403,12494,13366,0.00952101,0.05,17296615,8350087,725501,296666
54821,11573,4809,0.00860544,0.15,5459856,8349149,42264,49837
28436,5810,37630,0.00952101,0.13,1573159,28424557,87030,154166
44963,93459,20068,0.01084252,0.005,45563041,9377768,1392085,127754
22290,3628,41455,0.00056263,0.27,45499,40608411,24617,44552
37323,42190,40215,0.00860544,0.03,13550901,50900603,851214,242055
70266,23925,8549,0.00182521,0.23,3068395,47046079,63211,135220
108176,10277,16847,0.02533638,0.01,28169438,1731551,1047098,195786
45554,44248,4608,0.00370564,0.23,7469617,46903538,75681,80066
39684,35674,39856,0.02533638,0.0005,35870059,710931,2062417,44884
145742,7273,5457,0.00041097,0.15,435646,5954690,11656,27591
104935,30190,2283,0.00160539,0.2,5085929,13788125,34680,49699
48661,61929,2487,0.00047003,0.1,1416474,15405282,7830,18750
104636,18989,7540,0.00034241,0.15,680376,21477432,25211,63377
15239,2305,16071,0.00952101,0.23,334514,8522074,9164,27148
38625,18083,33855,0.00182521,0.03,1274885,18366819,79149,89916
99120,5167,1758,0.00182521,0.15,934917,1362866,4799,14781
5977,61918,23382,0.00860544,0.03,3185260,43435153,118842,31954
13856,26984,16641,0.00491597,0.005,1838207,2245358,42862,10679
73949,38630,8852,0.00047003,0.15,1342750,51297811,56936,89912
124497,22197,8624,0.01084252,0.15,29963611,28716034,758857,490478
11974,96365,2108,0.00082185,0.1,948369,20321664,10375,4281
113741,52296,7952,4.64E-06,0.13,27600,54062954,44453,3114
62475,50142,11853,0.00108175,0.05,3388772,29718924,88785,106456
86495,75793,20085,0.00182521,0.0005,11965655,761169,537318,10871
67778,67468,17886,0.01084252,0.03,49582161,36203817,1451966,354393
73727,50453,6133,0.00108175,0.01,4023863,3094590,48957,17650
60740,33953,7347,0.00015297,0.27,315475,67355810,35227,34511
134395,43005,4828,2.09E-05,0.25,120680,51907729,27330,23945
91878,79011,1585,0.00047003,0.3,3412190,37577321,13356,31053
148744,14195,4049,0.00082185,0.25,1735369,14372376,21665,79891
51691,40676,21979,0.00491597,0.0005,10336477,447028,362757,8025
23823,4098,31372,0.00082185,0.13,80255,16717387,15823,25260
134593,43061,8367,0.00108175,0.13,6269567,46841184,200407,205587
1845,30962,44492,0.00952101,0.005,544057,6888066,48744,5525
41847,20929,6892,0.00491597,0.1,4305644,14424885,51376,43913
47220,24989,19836,0.02533638,0.05,29897665,24784903,884735,266948
118043,87390,12550,0.00182521,0.0005,18828527,548385,714053,7686
83322,26300,2170,0.00491597,0.25,10773141,14271019,48648,69791
17336,18634,23391,0.00078778,0.1,254495,43587966,38578,38387
64413,10721,10525,0.00031941,0.03,220582,3385353,11112,4762
75825,41469,9371,0.00034241,0.13,1076679,50521505,49966,89502
109046,21660,1643,0.00163948,0.03,3872500,1067990,17826,13104
117887,43943,2704,0.00015297,0.17,792452,20207540,15616,29899
45114,10492,24379,0.00491597,0.01,2327126,2558055,82823,33352
117867,21275,9275,0.00018467,0.13,463104,25653800,26557,45113
137034,91065,2431,2.09E-05,0.27,260563,59785667,31529,13050
90185,32471,5210,0.00047003,0.01,1376457,1691889,18479,5592
144112,87176,13029,0.00082487,0.05,10363023,56795187,526737,303187
22530,10253,48658,0.00160539,0.03,370866,14967638,41456,38712
26419,12879,25452,0.00056263,0.1,191449,32781952,32324,36210
40505,12378,27829,0.00041097,0.2,206065,68898718,45162,80420
124839,80742,12194,4.64E-06,0.05,46770,49230041,52130,3095
46389,21677,12584,0.00082185,0.17,826472,46376622,36464,74011
88987,57897,16601,2.48E-05,0.03,127927,28835533,46985,5342
74393,61781,3466,0.00182521,0.23,8388939,49256590,73004,93399
70243,18581,15137,0.00056263,0.13,734374,36566022,47181,88137
99551,65462,1370,0.00860544,0.15,56081368,13457341,185991,116223
101995,21211,15495,0.00018467,0.15,399527,49303159,54037,78032
105828,74577,396,0.00056263,0.2,4440503,5911526,4571,7926
53857,9873,23597,0.00160539,0.13,853679,30288539,47075,127934
46060,31593,12477,0.00296184,0.15,4310071,59129895,108173,121873
60528,5350,3159,0.00182521,0.23,591139,3888820,4782,18552
88725,62419,9675,0.00952101,0.05,52729591,30197769,1136666,334234
3325,56230,3560,0.00296184,0.23,553791,46047145,6879,4584
141148,75771,13011,0.00160539,0.05,17169578,49293225,843860,351382
30866,17183,18656,0.00078778,0.05,417827,16028511,25976,29220
81106,27977,18993,0.00013363,0.13,303222,69078256,65232,76537
47902,10258,40635,0.00860544,0.07,4228743,29180178,271273,262452
64348,19672,7712,0.00370564,0.2,4690976,30345813,71110,110950
70750,40157,28409,8.43E-05,0.03,239480,34225737,61996,16552
20235,42466,12237,0.00182521,0.03,1568424,15590396,33279,26522
138381,26832,9184,0.00018467,0.27,685694,66541578,45427,125825
78519,15235,6040,0.00082487,0.17,986777,15644394,16088,56863
19306,38528,22318,0.00041097,0.05,305707,42994698,32986,30542
61507,64168,3007,0.00013363,0.13,527416,25087802,7021,13013
22950,10175,25162,0.00296184,0.27,691700,69132631,49801,92847
39045,50871,3696,0.00082282,0.25,1634351,47005874,11666,32010
61837,15728,14842,0.02533638,0.13,24642471,30348225,558975,415586
47667,89081,10811,0.00491597,0.01,20874712,9631434,357032,69247
55938,9379,9133,0.00018467,0.15,96888,12849645,8535,13500
123565,34426,2336,0.00182521,0.27,7764316,21716782,66975,84849
57417,4990,26049,0.00952101,0.27,2728256,35101184,115880,269536
94340,10152,16472,0.02533638,0.1,24266025,16722661,841303,489409
40319,72941,2948,0.00108175,0.05,3181408,10754886,18149,15681
52172,6086,36193,0.00056263,0.13,178653,28636974,35604,67004
127748,32756,8112,0.00082487,0.2,3451691,53149283,106652,195856
89116,9732,5599,0.00019487,0.13,169010,7084026,7469,10127
9247,4600,6508,0.01084252,0.15,461280,4491926,3876,7696
74347,55846,7870,0.00952101,0.01,39531852,4395439,538010,100093
39955,23735,3557,0.00296184,0.27,2808903,22801970,15113,31345
26848,91981,3943,0.00296184,0.17,7314601,61671028,58786,49114
144711,3562,11177,0.00082185,0.27,423709,10752194,22741,84222
31079,62790,10888,0.00491597,0.01,9593404,6837252,163658,40408
41058,5686,11014,0.00108175,0.05,252587,3132040,8628,10037
96518,11880,20321,0.00047003,0.01,538974,2414244,37192,8353
40745,21940,7324,0.00182521,0.13,1631684,20892047,25420,40847
60641,8346,26013,0.00860544,0.07,4355582,15198445,185521,204435
29953,2131,9350,0.00082487,0.3,52656,5978570,3889,10588
131345,20463,9563,0.00182521,0.27,4905692,52839445,167651,265773
143107,69551,6835,4.34E-06,0.13,43197,61802128,46680,3926
32293,98352,2386,0.00031941,0.13,1014481,30511506,13548,10224
2876,2397,49094,0.02533638,0.27,174729,31776040,11480,23192
47130,68204,3695,0.00013363,0.25,429558,63007579,8386,31808
4962,7533,42916,0.00860544,0.2,321745,64663565,51659,49579
24229,6527,12155,0.00952101,0.25,1505806,19835018,29743,48706
11245,56010,8073,0.00019487,0.13,122741,58786002,20812,7970
113381,42933,4233,0.00860544,0.07,41890630,12722307,498994,185512
99329,63754,3157,0.00031941,0.15,2022723,30194512,22161,47175
126359,94113,1349,0.00031941,0.13,3798479,16514541,17396,32680
64180,3726,23916,0.00296184,0.13,708381,11586162,36675,116156
113464,39310,12161,0.00491597,0.1,21926787,47808862,792313,416693
52836,68274,4864,0.00952101,0.001,34345805,332133,271405,9288
40403,90904,2211,0.00160539,0.3,5896288,60302294,22801,37877
141685,11046,7196,0.00041097,0.15,643231,11925181,20166,53239
77620,23824,7966,0.00018467,0.03,341503,5693951,14847,7924
7002,34276,7315,0.00015297,0.27,36713,67699271,5234,4839
23575,8948,27730,0.00370564,0.27,781716,66996953,62619,107823
140966,54271,5749,2.09E-05,0.13,159741,40567960,32690,20061
116075,22610,9987,0.01084252,0.27,28456074,60971279,828852,857444
32906,3914,31697,8.43E-05,0.2,10858,24816783,17702,5068
137955,35382,14524,0.00078778,0.1,3845302,51389721,212294,276094
130389,74520,2007,1.65E-05,0.2,160423,29926512,14325,5409
98260,16174,8581,0.00491597,0.13,7813044,18043845,174281,165157
15559,17880,12488,0.00015297,0.17,42558,37963300,12890,6444
123371,30844,8668,0.00160539,0.13,6109075,34757461,182358,198590
27298,79766,4489,0.00163948,0.01,3569962,3581339,28725,11252
5226,6183,36112,0.00296184,0.2,95718,44659764,8573,19148
106799,17837,15074,0.00952101,0.2,18137811,53778313,722959,555376
97393,27304,10877,0.00041097,0.03,1092894,8909871,35591,29861
14070,53083,14692,0.02533638,0.01,18924549,7799590,385207,35437
47748,2131,15014,0.00160539,0.23,163390,7360783,9827,35097
88232,60784,23716,0.00182521,0.001,9788985,1441623,534054,17520
58590,32693,7041,0.00108175,0.13,2072146,29926629,36486,57292
29902,28984,38266,0.00108175,0.03,937572,33274410,81745,76994
84201,22342,9230,0.01084252,0.2,20397716,41245006,393005,385863
2931,62754,8260,0.02533638,0.07,4661285,36287038,60825,24041
49865,41784,1999,0.00082282,0.27,1714412,22559740,6210,16648
32149,36429,16534,2.09E-05,0.1,24454,60236341,44373,3922
77232,67089,4255,0.00860544,0.13,44588813,37115150,343702,233931
39010,9078,33934,0.00370564,0.15,1312402,46212117,90061,189461
110072,20278,11682,0.00860544,0.2,19208585,47382558,622798,444126
59470,41601,16892,0.00041097,0.01,1016753,7027616,42941,14283
73733,72452,704,0.00047003,0.3,2511000,15312633,3770,9113
43133,62942,2652,0.00047003,0.13,1276096,21701382,8012,19887
36458,44661,39969,0.00952101,0.005,15503072,8925613,947316,138056
48803,4118,39748,0.00047003,0.15,94477,24556103,29749,45468
141588,21428,3550,0.00018467,0.1,560287,7608172,10123,17138
63548,45979,19191,0.00056263,0.05,1643964,44120881,84423,117006
26703,74691,22749,8.43E-05,0.01,168118,16992017,49247,3553
63747,46730,22053,0.00082185,0.005,2448262,5152867,100049,19598
131722,73298,2970,0.00034241,0.07,3305963,15243092,39602,44417
33185,86416,16935,0.00952101,0.001,27304208,1463532,691706,24813
69175,16274,14814,0.00047003,0.05,529169,12055484,25878,29210
109228,25348,5275,0.00163948,0.13,4539417,17384897,72521,93938
147751,75258,10129,0.00031941,0.005,3551712,3811632,132761,14374
32314,2144,8760,0.00296184,0.15,205221,2817707,4887,14211
139897,49460,2960,0.00182521,0.05,12629356,7321594,143803,70782
83826,30839,11021,0.02533638,0.17,65497623,57781073,1374728,1055493
113894,7882,5236,0.02533638,0.13,22745018,5365824,285607,162839
142464,94820,844,0.00160539,0.3,21686349,24010189,70330,70138
119561,1522,6054,0.01084252,0.17,1973556,1566962,27799,71045
71571,86576,17575,0.01084252,0.03,67184552,45649148,1976725,455431
53559,66856,3035,0.01084252,0.0005,38825420,101458,187337,3125
81724,58758,3114,2.09E-05,0.25,100265,45750072,14531,6319
59148,13274,9381,0.01084252,0.005,8513016,622645,132433,26554
100118,11748,9226,0.00182521,0.25,2146861,27099502,56811,152398
112858,36186,11984,0.00031941,0.13,1304471,56380562,73301,154425
128860,43932,14497,0.00034241,0.005,1938426,3184489,86995,11701
4326,40343,6596,0.00370564,0.13,646812,34596220,9578,6827
33442,7980,13858,0.00041097,0.23,109680,25436471,15858,25018
127953,32276,13165,0.00370564,0.13,15304082,55241997,695309,399589
7814,59894,5017,0.00047003,0.07,219995,21037113,10838,3822
39260,76247,5278,0.00056263,0.15,1684267,60366717,30194,29867
84252,55455,8994,0.00013363,0.07,624351,34917097,39279,36571
104484,3891,5277,0.00491597,0.13,1998911,2669932,25999,58553
50720,6003,36444,0.00108175,0.17,329375,37192673,44829,134107
47679,20880,10732,0.01084252,0.05,10794459,11205034,192484,83706
14048,771,13751,0.00860544,0.15,93233,1590754,3332,10364
23231,3666,17528,0.01084252,0.15,923543,9640168,23737,51971
131503,46495,3807,0.00019487,0.27,1191490,47802468,32940,69208
42661,98275,810,0.00082282,0.3,3449722,23882852,5749,11151
124491,2989,8506,0.00019487,0.25,72515,6356963,10544,12515
41526,6876,37572,2.48E-05,0.17,7090,43921099,31188,3534
73264,36226,14057,0.00860544,0.05,22839600,25462876,548098,254696
109787,84007,12567,0.00082185,0.005,7579868,5278713,294851,39415
92892,29227,5911,0.00015297,0.23,415318,39742536,24668,49584
12871,12566,48371,0.00078778,0.1,127428,60786423,53355,47300
136773,60533,4472,2.09E-05,0.13,172872,35191674,29988,8839
12971,33483,15175,0.00182521,0.13,792721,66058274,34411,27075
77879,63025,11611,0.00013363,0.05,655911,36592561,47631,29292
41815,28148,4767,0.02533638,0.3,29821998,40258047,208897,247776
115202,59641,6193,0.00160539,0.03,11030405,11082500,218295,97268
50522,8252,10560,0.00296184,0.05,1234850,4357242,22481,36522
35557,50527,33258,0.02533638,0.005,45519939,8402353,2260542,174933
86521,33964,16898,0.00370564,0.1,10889559,57393292,437175,332223
7293,88117,3594,0.00015297,0.15,98310,47505746,14317,3486
26691,23258,14148,0.00041097,0.03,255133,9872247,17503,7660
116613,13871,7347,0.00082185,0.07,1329414,7134207,25933,48013
146723,50138,9134,0.00031941,0.13,2349750,59535716,99937,179105
12390,12503,17078,0.00056263,0.15,87166,32030299,19071,12458
146067,6562,7358,2.48E-05,0.25,23801,12072634,10336,3023
105587,27508,4739,0.00078778,0.07,2288163,9126957,29604,46523
81464,7120,25173,0.00491597,0.05,2851458,8961824,130476,175920
125857,42282,11878,0.00108175,0.13,5756540,65294101,258114,279746
128261,9592,15190,0.00034241,0.27,421271,39342141,41604,128722
25669,4966,8747,0.00082185,0.2,104775,8688468,5153,12479
40058,38153,33365,0.00108175,0.005,1653316,6365225,95479,19656
22717,23456,9074,0.00078778,0.27,419776,57471245,32217,34994
130451,3348,5445,0.00056263,0.27,245799,4923828,8755,25765
51667,59315,34324,0.00296184,0.01,9077075,20359700,521468,167222
35930,18510,43427,0.00108175,0.05,719456,40193270,78804,113626
10672,69703,3104,0.02533638,0.27,18847451,58433424,80618,98574
64621,50363,25942,0.00296184,0.03,9639487,39196463,440693,230110
45392,20350,19204,0.00013363,0.13,123441,50807587,42845,20828
44171,76085,461,0.00296184,0.3,9954267,10531483,7405,11527
90671,14282,15507,1.65E-05,0.2,21380,44297385,29630,5388
78709,24244,14016,8.43E-05,0.05,160849,16991946,25775,13283
63788,71216,18054,0.00182521,0.03,8291531,38574127,281768,166723
89490,74614,2024,0.00952101,0.001,63574769,151024,292086,20373
58210,37778,9183,0.00108175,0.03,2378882,10408478,43682,43297
31683,32508,6174,0.00015297,0.17,157556,34122834,12287,9600
2739,78424,15866,0.00018467,0.05,39677,62217421,28280,3192
84935,12015,13964,1.65E-05,0.23,16848,38591061,24626,4176
6103,20251,12405,0.00296184,0.27,366104,67833284,9938,14390
38914,15694,4996,0.01084252,0.3,6622177,23528295,50850,73489
66823,75696,25692,0.00163948,0.03,8293048,58345779,409120,258484
74994,27738,25355,0.00082185,0.05,1709621,35165355,102314,148103
66726,22607,1330,0.00163948,0.13,2473191,3910963,7292,13739
36799,5092,43610,0.00047003,0.03,88077,6662024,23425,9040
44946,23862,10346,0.00013363,0.05,143321,12345012,16096,5487
142307,8033,2625,0.00163948,0.27,1874270,5695502,15258,49099
57597,63238,755,0.00078778,0.3,2869437,14330699,4308,9590
126922,57792,10927,0.00108175,0.005,7934737,3157595,290530,35739
136659,27940,12162,0.00296184,0.15,11309213,50973075,515196,394792
149955,36504,9381,2.48E-05,0.2,135920,68490979,45959,20717
12643,99596,2325,0.00041097,0.13,517516,30104139,6248,4143
63775,44774,6798,8.43E-05,0.17,240692,51750197,19759,19747
148354,99024,4604,0.00370564,0.13,54438984,59269117,946370,466170
66980,36237,9185,0.00082487,0.13,2002126,43272073,58205,90976
141073,28126,2326,0.00160539,0.005,6369983,327166,52843,5104
149793,78568,2030,0.00082487,0.17,9707925,27118251,88427,76822
23140,8628,35039,0.00370564,0.2,739906,60468002,59864,135775
37092,15365,48284,1.65E-05,0.07,9409,51934231,50753,3064
53386,9774,22227,1.65E-05,0.27,8615,58664254,32641,4190
105119,8191,8952,0.00108175,0.15,931427,10999742,23819,78388
100983,44691,9699,0.00082282,0.07,3713475,30343085,106058,135842
117913,8575,11004,0.00019487,0.15,197035,14154596,19221,26809
132476,27494,4938,0.00019487,0.2,709797,27158635,22698,51941
55773,16286,14336,0.00041097,0.1,373319,23350367,25034,39790
126823,88859,2657,0.00163948,0.15,18476023,35422494,183718,114249
112945,18830,13819,0.00163948,0.001,3486790,260221,123622,3001
67946,1906,17897,0.02533638,0.2,3281547,6823200,87622,181142
84008,18577,1006,0.02533638,0.2,39540932,3740510,73954,68760
20418,11968,27891,0.00082185,0.2,200845,66765881,40377,63946
30333,14254,14880,0.00041097,0.25,177699,53028812,18788,43953
49759,2614,21492,0.00082487,0.17,107315,9552833,13180,26405
86839,13389,21867,0.01084252,0.03,12607482,8784267,593467,253348
23962,71633,21505,0.00056263,0.03,965770,46214520,61926,47498
27872,33660,4176,0.00860544,0.3,8073829,42171004,49563,71722
119534,14986,296,0.00952101,0.15,17056374,665588,14185,10109
13499,38946,34963,0.00082487,0.005,433667,6808399,47919,7348
139920,39416,1928,0.00019487,0.2,1074756,15202048,9771,27114
118113,63168,1877,0.00491597,0.27,36678218,32014833,206287,196682
38901,3854,43891,0.00108175,0.3,162196,50751830,39896,130032
116768,68224,6487,0.00491597,0.07,39163128,30982527,756374,223395
52392,2000,17644,0.02533638,0.2,2655227,7058675,65751,137324
143170,72851,5332,0.00015297,0.13,1595504,50497653,56152,76801
38557,54026,22112,0.00018467,0.03,384695,35840441,56925,19868
84614,4018,3725,0.00160539,0.3,545845,4491306,6688,29914
44485,16752,5113,0.00018467,0.3,137625,25701076,13377,12894
62792,45902,1805,0.00041097,0.3,1184551,24861976,5105,17457
67996,55908,12112,0.00296184,0.05,11259707,33859293,251173,164522
95682,28543,1972,0.00047003,0.23,1283700,12948869,5857,23495
49881,6891,20796,0.00082487,0.17,283538,24362044,25419,66033
12352,12468,17608,0.02533638,0.17,3902395,37324854,96507,102809
11199,26434,11001,0.02533638,0.13,7500968,37806953,111500,78366
62262,12569,11875,0.00108175,0.005,846595,746346,21761,3183
143052,52536,2399,0.00078778,0.07,5920522,8823825,56024,47971
80027,15153,11376,0.00078778,0.2,955350,34478646,37356,109140
115963,36450,9188,0.00015297,0.2,646590,66987116,46511,115555
41846,72699,6721,0.00370564,0.01,11273405,4886774,120793,34504
111901,76334,779,0.00056263,0.23,4805928,13678481,10827,22076
62280,73458,2207,0.00078778,0.15,3604136,24327889,15211,31552
22104,24818,5378,0.00182521,0.25,1001316,33370838,9210,17757
121480,16530,4479,0.00108175,0.23,2172316,17030235,29899,84578
22778,10815,19643,0.00056263,0.13,138607,27618796,20392,28763
23703,22268,4497,0.00078778,0.15,415822,15023582,4559,10299
16040,39396,27507,0.00952101,0.001,6016511,1083671,241311,11554
4161,12489,19123,0.01084252,0.17,563597,40603716,15667,18523
110866,73534,17656,0.00182521,0.01,14880151,12983882,766978,181982
99144,97504,3991,0.00163948,0.15,15848898,58377287,175607,131483
52305,19935,7537,0.00296184,0.17,3088399,25546284,45755,70912
66190,3277,16927,0.00082282,0.15,178484,8321213,14744,33036
12228,10281,22617,0.00013363,0.23,16801,53483788,21602,6471
144319,38023,7918,0.00860544,0.005,47222253,1505374,1235405,106462
89931,29792,8757,0.00860544,0.23,23056524,60007616,489002,477102
51594,92721,20107,0.00296184,0.01,14169019,18644313,491802,128927
54986,14587,17892,0.00013363,0.15,107182,39148904,28819,26793
84555,83918,22255,0.00182521,0.03,12951257,56030479,669983,306278
71630,54634,1408,0.00296184,0.3,11591069,23091874,29436,49367
18829,7341,36671,0.02533638,0.25,3502645,67309410,184333,247841
26889,71999,9831,0.00370564,0.01,7174091,7078480,112009,29793
128577,13435,1547,0.00860544,0.23,14865353,4781979,69935,59866
94579,26926,7130,0.00182521,0.27,4648272,51843188,98382,158399
89300,62672,2675,0.00370564,0.2,20739217,33537183,154679,126078
99044,73254,1425,0.00296184,0.15,21489714,15659006,80917,60919
9399,66337,15140,0.00013363,0.03,83327,30132156,23396,3220
50934,66250,15893,0.00491597,0.03,16588394,31588707,429332,166783
74758,70969,1479,0.00031941,0.15,1694668,15753736,6299,20893
86717,41736,3127,0.00078778,0.13,2851196,16971095,26724,44749
134963,50115,3152,0.00018467,0.15,1249062,23699508,19520,40413
46242,36529,1934,0.00082282,0.2,1389925,14131215,5088,13070
39751,9041,20031,0.00018467,0.2,66377,36224403,20008,25557
74861,3761,13194,0.00082282,0.13,231685,6451839,13302,28764
77588,7012,13176,0.00108175,0.17,588548,15707328,22553,76503
121993,53221,11925,0.00019487,0.005,1265219,3173431,50427,5798
126989,67460,7212,0.00041097,0.13,3520680,63253426,117909,142897
51310,66327,13468,8.43E-05,0.07,286863,62532293,54567,33783
131972,55300,2384,8.43E-05,0.25,615158,32968910,18092,32219
13603,10089,26357,8.43E-05,0.15,11568,39888940,12906,3763
8877,3484,43992,0.00031941,0.3,9881,45990272,21183,8109
27624,52458,15862,0.00163948,0.005,2375820,4160472,64230,13549
113491,42518,3849,0.00163948,0.2,7911293,32733423,103859,113186
50762,86228,9706,0.01084252,0.0005,47459485,418503,734100,11979
27348,47832,5357,0.00082487,0.17,1079063,43565662,12109,21240
145187,329,915,0.02533638,0.07,1213491,21132,3473,4018
37622,36955,6996,0.00163948,0.15,2279445,38783402,32484,48353
42382,53674,3279,0.00056263,0.2,1279906,35208943,9398,18861
16099,54215,4437,0.00034241,0.17,298866,40895601,14637,7928
87665,48729,17510,0.00296184,0.0005,12652686,426640,500920,9790
13215,37014,43155,0.00370564,0.01,1812736,15973788,124170,46605
58665,5597,29984,0.02533638,0.15,8319487,25174495,391694,403301
119068,16505,16260,0.00108175,0.13,2126011,34892418,108971,232630
65650,18087,19824,0.00491597,0.05,5837537,17929190,204431,176750
94087,88687,10808,0.00082185,0.07,6857851,67103577,222268,207818
108444,591,18014,0.01084252,0.1,694959,1064736,32581,66910
25990,4298,32818,0.00019487,0.27,21773,38093822,23056,20527
141815,72084,4985,0.00182521,0.15,18658731,53907250,364574,228512
81769,27614,21821,0.00160539,0.05,3624945,30128791,165765,189688
45618,54388,7874,0.01084252,0.07,26901567,29979312,333500,141955
63894,38439,4471,0.00860544,0.27,21135422,46407078,171656,211908
106923,44899,8525,0.01084252,0.15,52052697,57416751,1187377,712082
57221,61539,20390,0.00182521,0.005,6427228,6274107,222537,48037
32352,73752,28061,0.00163948,0.01,3911935,20695721,187890,75940
142193,76384,6370,1.65E-05,0.07,179321,34060442,34553,14944
53503,57268,1850,0.00860544,0.3,26367431,31798087,73556,107265
93935,73922,13905,0.00034241,0.005,2377694,5139488,83121,14305
18107,12950,22537,0.00015297,0.23,35872,67129085,35435,26974
1882,96408,20517,0.00082282,0.03,149344,59340961,54946,4887
111945,49638,6764,0.01084252,0.01,60249528,3357904,1084865,134543
38161,17898,18304,0.00056263,0.15,384302,49144312,44019,62884
23590,50019,790,0.01084252,0.3,12793700,11868472,13863,21601
44607,19677,39166,0.00952101,0.005,8357244,3853527,483332,92943
69020,29619,10640,0.00160539,0.05,3281969,15758694,68911,82509
11367,36617,26881,0.00041097,0.01,171068,9843198,26302,3148
46820,35088,10000,0.00056263,0.13,924313,45617340,26975,59092
38268,81011,14807,0.00047003,0.03,1457165,35986213,55346,46217
132093,55926,7122,0.00082282,0.15,6078625,59750458,174944,201807
51899,68702,24643,0.00082487,0.005,2941198,8465346,130334,27109
18531,49721,8755,0.00056263,0.07,518413,30473466,18337,15634
100503,41730,17765,0.00082282,0.001,3450970,741384,149330,3884
124443,1564,13001,0.00860544,0.13,1675223,2644071,49492,135082
534,13928,46240,0.00078778,0.1,5865,64406972,18037,3056
77181,35387,4599,0.00015297,0.13,417799,21158611,15664,16480
5039,15645,35277,0.00082282,0.1,64872,55191732,22920,12864
6114,42664,21141,0.00370564,0.07,966637,63139837,47724,23173
142799,91268,3641,0.00019487,0.2,2539749,66471738,56955,86090
20374,10310,31417,0.00018467,0.05,38792,16196325,19771,4131
66970,42015,17454,0.00034241,0.07,963482,51334084,69109,82683
90343,3655,18815,0.00108175,0.2,357278,13757150,26194,82586
91534,90483,8372,0.00056263,0.005,4659902,3787658,98045,14965
89398,60028,20137,0.00952101,0.0005,51094075,604412,2317687,36508
96832,17872,6773,0.00082487,0.15,1427529,18159347,28712,84182
128372,79220,6917,0.00047003,0.03,4780060,16440271,114701,73866
88618,85186,4158,0.00082282,0.005,6211553,1771071,64711,11797
112303,45995,9913,2.09E-05,0.1,107854,45596748,42215,19662
60438,8929,15095,0.00108175,0.27,583790,36393207,32752,108581
136012,27908,6746,0.00047003,0.3,1784207,56486517,55493,136643
78999,60750,8504,0.00182521,0.01,8759666,5166703,144081,50558
16672,417,36969,0.00491597,0.15,34197,2313742,5864,11547
75568,16383,12784,0.00047003,0.2,581926,41891097,37293,92044
97236,43938,16814,0.00019487,0.07,832563,51714974,71324,102600
35846,61657,3717,0.00031941,0.15,705954,34379891,13852,15624
68113,13437,20825,0.00041097,0.17,376160,47574732,41506,108063
50356,4068,16876,0.00041097,0.25,84193,17164582,11862,24212
119923,10303,10249,0.00491597,0.13,6074116,13728464,174489,194588
20934,24889,3564,0.00160539,0.13,836506,11532585,5411,12540
132120,96192,6405,1.65E-05,0.05,209826,30806895,35408,6377
10790,12194,40234,0.00018467,0.13,24300,63785073,21453,8820
12772,39884,13684,0.00370564,0.005,1887745,2729065,37432,9068
2722,44253,7025,0.00182521,0.15,219888,46638421,16377,4172
142072,17946,11968,0.00082487,0.2,2103129,42957373,88344,232804
70048,28008,26539,0.00082185,0.05,1612399,37166650,102677,152568
100808,17638,14925,0.00082282,0.2,1463054,52651214,70800,209877
129536,95059,1952,0.00078778,0.17,9700462,31551020,82901,72505
65163,9342,6235,0.00082282,0.03,500927,1747705,8905,7724
59101,62115,32953,0.00860544,0.0005,31591547,1023447,1669980,33283
58225,64324,30532,0.00860544,0.03,32230464,58919556,1632338,435324
50680,25677,28317,0.00491597,0.01,6397329,7271102,292288,104325
138502,70304,8703,0.00163948,0.03,15964237,18356833,524662,178173
52019,19591,23435,0.00296184,0.01,3018553,4591472,113669,47088
146306,88028,7276,8.43E-05,0.01,1085579,6405159,35615,8953
14556,57246,26971,0.00370564,0.03,3087915,46321340,135620,61188
67585,15411,9898,0.00108175,0.01,1126733,1525502,23521,8385
32462,15191,13139,0.00163948,0.27,808537,53896833,38689,69020
28228,11045,15236,0.00041097,0.2,128145,33659647,20014,30814
29927,62586,11380,0.00182521,0.01,3418698,7122438,62638,24762
71474,69560,20116,0.01084252,0.03,53906672,41978567,1821285,425777
57949,5272,7868,0.00082185,0.25,251103,10371988,8366,30776
89753,32138,1992,0.00041097,0.17,1185455,10883853,10486,21734
131054,99310,12348,0.00082282,0.0005,10709064,613151,455636,4571
2914,11502,8793,0.00952101,0.07,319125,7080480,5040,3388
16321,5681,20462,0.00108175,0.25,100302,29062590,16660,30216
121477,76645,4221,0.00108175,0.2,10071912,64704944,168301,174168
52831,44990,2389,0.00952101,0.005,22630667,537523,86898,10885
31675,6269,42255,0.01084252,0.17,2153149,45035833,136000,235241
74301,63567,7783,0.00056263,0.005,2657414,2473820,43821,9281
13665,51673,35578,0.00296184,0.001,2091471,1838479,119465,5071
94363,5230,18546,0.00082282,0.05,406121,4850452,28446,29114
8068,7164,27509,0.00056263,0.3,32525,59128652,27268,25835
28048,74855,22865,0.00041097,0.03,862884,51349575,65925,61197
22323,42565,16360,0.00041097,0.01,390512,6964035,26521,4748
39622,7533,18033,0.00860544,0.23,2568732,31246910,76720,128306
74912,1334,3484,0.00160539,0.27,160485,1255295,3356,9640
33516,14747,19335,0.00108175,0.17,534712,48476577,38676,86110
114172,84698,4706,0.00031941,0.13,3088770,51822721,50793,93321
51159,22716,2259,0.00160539,0.27,1865687,13857905,6810,19250
95780,10019,13673,0.00860544,0.2,8258001,27398640,277881,335815
29145,26837,12010,2.48E-05,0.2,19422,64466532,34477,4995
19262,19661,44929,0.00041097,0.03,155648,26502292,43454,14889
116600,39982,10365,2.48E-05,0.13,115757,53874609,50620,13211
43985,51149,5612,0.00019487,0.2,438430,57413097,33783,23857
5833,13106,13574,0.00078778,0.23,60230,40921165,5251,8375
42872,36656,45279,0.00108175,0.03,1700014,49793592,160920,165789
44532,42425,24016,0.00082282,0.01,1554564,10188931,74633,28841
63829,65265,2883,0.00078778,0.2,3281826,37639716,18362,35894
37478,44058,20620,0.00163948,0.05,2707214,45424658,114210,119852
78377,82115,5569,4.64E-06,0.15,29862,68598327,21696,3571
12771,2864,41620,0.00370564,0.05,135589,5961984,13555,19361
43277,34415,10719,2.09E-05,0.17,31099,62713614,20387,5309
74690,89120,1325,0.00952101,0.3,63375803,35445931,138858,203002
28925,32171,1179,0.02533638,0.25,23577756,9490568,40398,42091
27798,99771,1086,0.00082185,0.15,2279420,16265520,5623,5436
92588,76143,8287,0.00370564,0.01,26124739,6310421,521310,103475
19873,25286,15199,0.00082487,0.01,414516,3843351,17924,4286
18538,7014,20071,0.00034241,0.3,44530,42240634,21414,15340
149323,67547,4282,0.00015297,0.1,1542930,28927304,40225,51931
22793,33724,31752,0.02533638,0.05,19476525,53542218,939134,277580
43685,44183,21364,0.00296184,0.03,5716843,28319082,215202,127256
42203,12804,3583,0.00296184,0.03,1600566,1376601,9883,11066
143064,27390,4220,0.00182521,0.17,7152354,19651828,116857,117615
127324,14202,12459,0.00108175,0.3,1956124,53085074,82932,261416
13357,3737,49963,0.00041097,0.17,20517,31744729,16397,16756
40002,981,44624,0.00056263,0.2,22081,8756289,15861,11449
74291,80848,3239,0.00163948,0.1,9847228,26190280,63383,61738
31991,6296,36602,0.00047003,0.25,94679,57616614,25113,57248
23746,25972,7874,0.00296184,0.23,1826750,47039032,19924,38865
74610,26810,14303,0.00296184,0.17,5924737,65191887,169459,250366
65748,99094,10392,0.00160539,0.03,10459562,30896059,193334,112078
18807,42546,7773,0.00296184,0.01,2370036,3307212,27079,10980
138930,71018,4653,0.00370564,0.13,36562006,42958652,624353,312380
71338,23827,8242,0.00108175,0.15,1838785,29459093,36526,85032
90385,90948,10324,0.00082282,0.01,6763959,9390426,179495,54106
140665,33115,8686,0.00082282,0.2,3832931,57534165,135032,218311
16385,32857,38118,0.00031941,0.05,171967,62624728,45678,35309
130997,97478,5628,0.00034241,0.1,4372373,54866216,118387,112922
97988,90894,1071,0.00491597,0.05,43784546,4870704,124092,27391
102500,24094,2280,0.00491597,0.13,12140976,7142411,74558,62418
47798,3110,28586,0.00056263,0.17,83652,15116762,17027,29873
23814,1018,48086,0.00952101,0.13,231013,6369073,21404,71143
53770,47912,3867,8.43E-05,0.15,217151,27796657,14846,8598
103121,54679,7164,0.00031941,0.005,1801054,1958861,35107,4691
58322,77224,10797,0.00013363,0.05,601855,41691005,35791,24498
35524,41436,6917,0.00952101,0.2,14014718,57328830,174806,143475
43302,45284,14962,0.00296184,0.005,5807920,3387749,145379,25726
84523,11011,1749,0.00370564,0.25,3449017,4815656,12057,27403
84648,73824,13503,0.00370564,0.001,23157073,996878,641554,23818
100244,35635,8152,0.01084252,0.2,38732330,58104573,791511,681170
138303,18150,13971,0.00082185,0.07,2063103,17751906,91696,137062
44505,35175,16888,0.00078778,0.07,1233261,41583426,60068,75249
147051,82507,5608,1.65E-05,0.1,200313,46271228,37925,10300
72704,18392,4955,0.00019487,0.25,260581,22786062,12547,24885
8779,36647,6390,0.00019487,0.15,62700,35131012,11650,3898
103079,97058,3286,0.00160539,0.05,16061500,15947821,156074,68478
8177,95526,12402,0.00041097,0.05,321034,59238666,38358,10547
122482,19786,12730,1.65E-05,0.17,40012,42820136,32737,7018
108745,75656,5691,0.00034241,0.01,2817126,4306203,47893,14394
21168,56690,12862,0.00047003,0.03,564060,21875878,25901,18301
82934,89137,21601,0.00078778,0.001,5823727,1925541,278784,11231
130037,81420,4458,2.09E-05,0.13,221070,47194872,35996,21363
17761,12482,19037,0.00108175,0.23,239836,54655392,28936,34431
94620,16968,5258,0.00034241,0.17,549754,15167798,12188,32546
122207,14899,5845,0.00182521,0.27,3323317,23513390,62911,131448
89262,57918,2855,0.00078778,0.1,4072797,16539698,31927,43624
104718,80904,9719,0.00047003,0.005,3982197,3931777,107727,15897
19520,28939,5171,0.00013363,0.15,75487,22446812,4462,3942
43224,52105,38250,0.00163948,0.005,3692533,9965391,233990,49932
94987,12224,14802,0.00078778,0.13,914710,23522693,41059,113319
20831,8682,41118,0.00013363,0.13,24169,46412372,25216,19098
53738,26467,4506,0.00182521,0.27,2595988,32206345,29912,52861
62935,61032,3657,8.43E-05,0.1,323765,22324791,11113,8840
128013,44114,3058,0.00952101,0.23,53767513,31027824,485418,375175
17742,94537,13252,0.00082487,0.05,1383598,62644673,72364,32006
142896,21726,14369,0.00047003,0.05,1459268,15609663,68205,81302
108531,26544,12907,0.00082185,0.2,2367652,68524091,105291,214764
94993,26394,10190,0.00019487,0.05,488607,13449176,25441,21101
30683,7848,9094,0.00019487,0.27,46930,19272087,9370,11681
87110,32352,7509,0.00082487,0.17,2324706,41300557,56277,111633
51052,10294,38208,0.00082487,0.07,433534,27534437,51818,88880
79009,20012,10703,0.00015297,0.3,241869,64258202,24138,58486
7046,8924,21673,0.00860544,0.07,541209,13540082,16270,20044
28442,20562,34164,0.00031941,0.05,186808,35125405,42920,29548
136127,63170,15066,0.00082487,0.0005,7093277,475885,374441,3449
69415,51475,23755,0.00952101,0.01,34020846,12228430,1300360,241296
142708,11407,11904,0.00031941,0.25,519997,33950284,34519,117107
51481,96219,1803,0.00082487,0.07,4086061,12147185,14322,13930
18541,84938,8146,0.02533638,0.01,39902020,6919739,454056,34302
19481,15649,13349,0.00015297,0.27,46635,56405375,22353,10640
84371,56043,3237,0.00082487,0.17,3900416,30847285,44706,58925
32378,42098,3830,0.00015297,0.27,208509,43537357,5403,11394
148838,6317,11146,0.00160539,0.15,1509526,10562426,47910,144953
68204,96895,3091,1.65E-05,0.23,109109,68892016,19894,7097
29075,18260,15175,0.00082282,0.17,436866,47109404,36575,55850
113859,37739,2201,0.00108175,0.2,4648226,16613321,32907,50078
95770,67892,894,0.00056263,0.13,3658263,7895872,8523,13589
106020,59554,2520,0.00056263,0.27,3552434,40522244,38425,54572
107778,66480,12559,0.00034241,0.05,2453429,41746687,106677,121539
64485,38227,14351,0.00082185,0.05,2025966,27432188,66235,97947
60940,91826,10362,0.00860544,0.001,48156018,951548,778658,28478
10038,78818,13331,0.01084252,0.005,8579132,5253717,162413,19527
53164,5448,23888,0.02533638,0.17,7339671,22128929,270218,305291
66376,69071,6541,8.43E-05,0.05,386443,22591672,26185,10451
101778,89470,6498,0.00047003,0.1,4280134,58141927,84932,127198
116778,87515,4430,0.00041097,0.17,4200087,65916071,83852,95474
77291,3698,16712,0.02533638,0.05,7242093,3090220,195641,158371
111385,753,14947,0.01084252,0.17,909650,1913960,32832,107097
109458,88928,14145,2.48E-05,0.01,241692,12579474,47466,3036
6385,25637,2198,0.02533638,0.13,4147755,7328250,11117,7171
107587,53799,3145,0.00108175,0.25,6261286,42301711,73882,79405
33148,22849,33330,0.00047003,0.07,356008,53309296,58579,62160
75009,26498,16496,0.01084252,0.01,21551351,4371284,587488,145648
111072,80551,12379,8.43E-05,0.03,754142,29914794,60560,29777
74870,36072,27484,0.00082282,0.07,2222250,69401615,153652,251642
123079,89487,5142,0.00491597,0.15,54145161,69023104,918496,501432
47933,76601,10278,0.00056263,0.005,2065877,3936721,46196,9540
26698,40091,6699,0.00034241,0.07,366502,18800739,11761,11139
21438,64521,24446,0.00013363,0.01,184842,15773406,48046,3664
11997,68920,18790,0.00056263,0.005,465228,6475064,35647,3141
33223,49856,17185,0.00860544,0.005,14254281,4284120,379679,62475
77801,96142,3666,0.00182521,0.15,13652736,52871746,123883,103930
22032,31720,9581,2.48E-05,0.15,17353,45587985,19483,3014
115719,20583,6112,0.01084252,0.3,25826382,37745702,446246,482829
42186,10950,14594,0.02533638,0.27,11704800,43152468,267574,321890
32673,39568,49151,0.00031941,0.005,412947,9724260,72992,7110
143714,22980,12572,1.65E-05,0.2,54526,57785245,45969,11312
119630,45305,2454,0.01084252,0.25,58765872,27799424,399638,347977
93688,68661,1699,0.00491597,0.03,31623603,3500534,132346,32200
110718,29280,11136,0.00082487,0.15,2674171,48911206,95000,187367
94680,42028,2534,0.00031941,0.3,1271037,31950724,17598,40586
15680,14140,18518,0.01084252,0.1,2404173,26186650,58897,59118
86135,93982,1850,0.00163948,0.25,13271960,43475914,59309,74614
126581,9573,4946,0.00013363,0.23,161935,10891312,8578,15433
54009,46386,5420,2.48E-05,0.17,62206,42742862,21428,4817
137014,11631,9552,0.00160539,0.15,2558512,16666296,71999,155939
63713,21323,23956,0.00182521,0.005,2479672,2554145,99389,22098
131999,47960,2813,0.00491597,0.13,31122087,17541515,298316,156862
95301,80545,1698,0.00860544,0.17,66056619,23258728,277878,178657
129193,32001,2580,0.00160539,0.005,6637235,412842,56865,7359
68035,27306,9442,0.00163948,0.01,3045896,2578516,51147,21264
13954,33818,38054,0.00082185,0.005,387836,6434699,47460,5194
102345,57425,700,0.00082282,0.15,4835921,6030907,8996,12687
72890,27850,27190,2.09E-05,0.03,42386,22717755,40898,3124
21666,33248,5593,0.00952101,0.005,6858738,929873,55347,10647
147234,74227,1712,0.00013363,0.2,1460409,25420363,19021,32416
56321,36599,7429,0.00082282,0.2,1696088,54381734,44862,71123
82840,10157,19741,0.00082185,0.05,691514,10025733,38480,50175
96949,81327,14697,0.00160539,0.0005,12657865,597650,469298,5323
17885,32715,8291,0.01084252,0.25,6344550,67818889,86770,91338
44105,91489,3582,0.00015297,0.13,617263,42614526,17693,14744
95374,20504,8198,2.09E-05,0.17,40832,28578981,18380,4380
71664,10810,29819,8.43E-05,0.2,65301,64471618,48084,48612
29238,38008,8068,0.00082282,0.05,914412,15333951,23183,25322
28673,37852,8958,0.00078778,0.07,855029,23738532,28887,35243
109992,20548,3259,0.00108175,0.05,2444972,3349236,21680,25015
70936,12075,11426,0.01084252,0.05,9287952,6899502,171523,114664
94279,87168,2025,0.00108175,0.13,8889986,22954618,52951,44575
48933,34598,25335,0.00013363,0.07,226243,61360965,66007,42092
126403,24422,11234,0.00491597,0.0005,15176022,137190,524466,3897
82427,71610,25398,0.00160539,0.01,9476046,18187884,498587,152433
42738,34811,33201,0.00108175,0.03,1609436,34674352,109057,105966
85711,12614,14683,0.00047003,0.25,508191,46305808,40643,126349
86472,8947,13177,0.00952101,0.05,7366241,5894871,201473,137219
54984,83377,6102,0.00034241,0.13,1569776,66141241,33994,56188
63724,95476,2057,0.00952101,0.25,57927529,49106905,189533,226254
30439,9865,24460,0.00018467,0.27,55458,65158616,34147,35551
146542,47400,14083,0.00015297,0.005,1062553,3337732,53824,7298
100748,15470,15642,0.00952101,0.23,14839426,55657285,593872,507665
87925,32547,8362,0.00041097,0.25,1176079,68044245,35889,118954
130042,65776,1914,0.00047003,0.17,4020542,21404568,41053,49148
5809,84755,1876,0.00952101,0.27,4688257,42949093,14972,18919
77698,6250,17920,0.00082487,0.3,400582,33602895,33845,128476
78663,19299,12625,0.00082185,0.005,1247707,1218330,35819,6428
2649,84683,24624,0.02533638,0.0005,5684914,1042655,205150,3846
38606,87918,4883,0.00491597,0.005,16685899,2146730,134838,20147
52088,15022,17838,0.00041097,0.03,321591,8039611,22549,14160
66429,32330,13784,0.00047003,0.15,1009475,66849248,55638,123947
66514,4151,7842,0.00182521,0.25,504027,8140384,10967,49672
98886,8611,6183,0.00078778,0.17,670882,9052354,13423,46085
133625,11526,13352,0.00491597,0.25,7571851,38478673,331395,426845
145430,80648,3878,0.00031941,0.13,3746282,40663288,75070,103733
64097,29365,29174,0.00182521,0.005,3435449,4283573,168305,35713
100514,35548,10445,0.00182521,0.15,6521707,55698280,207022,233497
90087,69439,2220,0.00018467,0.2,1155221,30836400,8834,22565
138340,85490,3479,0.00082185,0.17,9719856,50563045,129599,138005
114462,63098,14564,0.00860544,0.005,62151931,4595101,2550475,208736
140006,72416,7045,0.00296184,0.1,30029388,51019636,797917,327001
53373,79021,8062,0.00047003,0.01,1982397,6371423,37529,14101
135369,2777,4545,0.00296184,0.25,1113521,3156135,14729,57759
62466,4438,32038,0.00108175,0.13,299930,18486882,34801,84903
95597,13088,12262,0.00056263,0.23,703966,36915078,38388,114984
89687,14939,11773,0.00018467,0.15,247437,26384414,24940,33513
26933,53755,4812,0.00296184,0.17,4288244,43978008,38932,46048
55439,80579,1561,0.00182521,0.27,8153832,33966424,21608,35777
21709,41970,48083,0.00082185,0.005,748834,10090381,85512,12222
91142,12972,5935,0.00860544,0.25,10174449,19249592,139133,185823
119981,16464,15334,0.00491597,0.23,9711217,58070574,460189,531187
29019,10514,24642,0.00296184,0.27,903732,69957326,44448,114034
114594,84115,1038,0.00034241,0.03,3300535,2619409,11313,7428
86561,24401,3775,0.00082487,0.03,1742347,2763954,14752,16184
124514,47794,16982,8.43E-05,0.07,501618,56817108,72763,69418
31956,78638,13446,0.01084252,0.03,27247411,31722895,538807,125374
52888,85865,4136,0.01084252,0.005,49238999,1775691,311412,26473
10843,14458,30625,0.02533638,0.1,3972218,44279242,148506,109927
93284,87084,5230,0.00034241,0.15,2781610,68321502,62752,63625
87996,78232,2474,0.00015297,0.27,1053073,52257739,28872,26724
88707,27388,1625,0.00056263,0.03,1366926,1335779,5984,4582
143769,831,14638,0.00056263,0.3,67259,3651449,17226,19677
109062,5263,9675,0.00047003,0.3,269817,15277662,14870,55539
67532,50777,1204,0.00078778,0.13,2701416,7948751,5892,11829
82627,55397,7160,0.00491597,0.05,22502235,19832457,327359,133713
13864,64032,10136,0.00018467,0.07,163951,45434242,22416,17626
27251,27654,2344,0.00182521,0.2,1375507,12964342,5092,10235
16002,44523,28106,0.00082185,0.03,585545,37542424,47609,34778
63695,910,24354,0.00370564,0.27,214848,5985484,19461,75294
128795,85917,4489,0.00296184,0.1,32775248,38574923,498832,224172
98193,18707,13920,0.00047003,0.03,863416,7812474,37158,29290
45950,9687,41068,0.00034241,0.15,152428,59680999,59071,95317
7102,52391,13348,0.00082185,0.07,305834,48953765,27223,10178
117473,19911,12853,0.00047003,0.17,1099416,43509121,54231,158593
55589,12127,32021,2.48E-05,0.1,16738,38832786,40291,3854
147025,66880,218,0.00370564,0.2,36438004,2922724,29211,19855
104630,9380,10427,0.02533638,0.15,24867579,14672396,565954,341557
43142,34755,14831,0.00082282,0.03,1233770,15463876,42546,38376
54758,12540,25519,2.48E-05,0.13,17051,41604103,37511,4272
57762,16292,4668,0.00041097,0.23,386753,17495317,8743,24319
20049,47038,2896,0.00082185,0.03,775081,4087193,5967,3742
147112,7137,7651,0.00082282,0.17,863924,9283280,22982,75155
143793,94530,4731,0.00082487,0.13,11212368,58149374,207716,162516
10259,33362,19781,0.00056263,0.05,192576,32997732,23792,11940
37955,17548,11944,0.00082487,0.27,549420,56592894,36331,63792
12794,30404,11169,0.00491597,0.005,1912423,1698029,30608,7137
41716,1528,48939,0.00296184,0.15,188905,11223410,28318,81853
37196,29105,16987,0.00078778,0.005,852870,2472196,30176,4593
110126,57098,2512,0.00952101,0.23,59868882,32993807,398454,322569
18148,18364,19419,0.00056263,0.17,187516,60629063,37355,40646
16566,5053,30020,0.00082487,0.05,69054,7585169,10604,8108
42216,29401,12661,0.00182521,0.07,2265511,26059241,58409,73700
50918,55054,16409,0.00082487,0.07,2312356,63239497,99369,132713
39523,49021,420,0.00952101,0.3,18446961,6189340,11678,15018
59727,21613,3717,0.00018467,0.2,238399,16068081,7423,11422
117355,60103,17382,0.00108175,0.01,7630172,10447266,409906,99940
22975,2381,40471,0.00056263,0.2,30779,19273426,12627,16051
46426,68796,19586,0.00163948,0.005,5236474,6737523,179413,38281
77644,42191,6829,0.00082185,0.1,2692352,28816240,39372,79089
46157,10736,40629,0.00108175,0.03,536103,13087097,51124,48013
78246,20255,7759,0.00860544,0.27,13638659,42434269,202337,295477
29621,57362,22002,0.00491597,0.001,8353081,1262109,286920,13209
33699,35145,10559,0.00034241,0.17,405551,63091417,24472,45367
10160,10643,36369,0.01084252,0.13,1172463,50321986,58767,63426
71007,30439,12782,0.00491597,0.03,10625341,11672683,233931,123118
70841,95545,4315,0.00018467,0.13,1249953,53608194,24951,33986
18458,7585,7211,0.00296184,0.13,414729,7111664,4568,14536
41773,25567,33592,0.00491597,0.005,5250507,4294467,275333,54589
128996,668,6676,0.00370564,0.15,319550,669462,10444,19749
89709,77798,10540,0.00860544,0.005,60059627,4100339,1442649,129761
41096,24657,10578,8.43E-05,0.2,85416,52171098,19417,23277
88998,25196,4008,0.00047003,0.15,1054009,15149256,13539,37942
69350,66165,24872,0.01084252,0.005,49752332,8228563,2007544,224541
71370,29843,4520,0.00952101,0.1,20279199,13490858,163986,109000
90282,18060,8953,0.00082185,0.23,1340051,37192600,37104,111553
124279,58082,2980,0.00182521,0.13,13175139,22507337,142173,101269
7128,53948,5382,0.00370564,0.03,1425149,8712135,14765,5368
96616,42132,9562,0.00952101,0.15,38757311,60433585,926605,602109
110918,77937,287,0.00370564,0.3,32034001,6729845,25965,28751
69289,39490,997,0.00860544,0.01,23546945,394054,39810,7777
22891,26710,6186,0.00182521,0.2,1116029,33050967,11571,23093
52755,19228,29793,0.00370564,0.005,3759071,2864446,183109,35975
56308,63527,3129,2.09E-05,0.25,74690,49705772,5404,4850
103856,3453,7023,0.00018467,0.25,66239,6064228,7516,9709
41358,4737,34011,0.02533638,0.2,4964527,32227261,253213,330888
145137,20818,863,0.00182521,0.17,5514892,3055598,16827,23352
109665,6151,15353,0.00034241,0.23,230997,21723744,25410,61576
11952,74935,8091,0.00952101,0.005,8527475,3031693,99567,10416
46695,49204,25095,0.00370564,0.01,8514146,12347903,362854,111936
36936,6590,2715,0.02533638,0.25,6167237,4474496,24478,32803
14650,69733,5863,0.00952101,0.07,9727138,28621998,90075,37847
25995,9051,12183,8.43E-05,0.3,19833,33083781,13711,4889
114912,19521,9190,0.00013363,0.27,299762,48442173,28080,60091
81165,17642,17014,0.02533638,0.0005,36281731,150088,1082800,12663
51516,2445,32346,0.00163948,0.2,206540,15820150,24293,80163
32152,41437,13492,0.00056263,0.01,749593,5590941,27470,9099
59398,50314,20177,0.00370564,0.001,11074702,1015194,373824,15863
80562,96020,7597,0.00082487,0.05,6380934,36477889,120340,115349
51851,42871,2236,0.00370564,0.27,8237471,25889428,30133,46592
78317,2304,19474,0.01084252,0.3,1956645,13461883,65295,197538
102293,92149,15717,0.00031941,0.03,3010847,43449860,154568,117930
35599,9585,38332,0.00108175,0.03,369118,11022608,36829,32727
13153,76904,23956,0.00860544,0.005,8704881,9211673,297229,36644
99388,95942,2157,0.00370564,0.01,35335477,2069510,205773,26649
36173,25067,26327,8.43E-05,0.05,76429,32997420,40142,14537
39842,1425,32746,0.01084252,0.3,615624,13999723,36399,152135
116813,8656,13214,0.00182521,0.15,1845678,17158782,63761,173197
93625,60734,3466,8.43E-05,0.1,479297,21052577,18784,13035
23399,92273,11825,0.00491597,0.05,10614466,54558606,224156,95641
130944,7357,2193,0.00491597,0.3,4735839,4841866,33800,58310
127540,34581,6895,0.00296184,0.1,13063152,23844034,303647,197623
7929,9555,22561,0.00296184,0.15,224421,32336795,9938,18920
78524,34189,1356,0.02533638,0.27,68020463,12526240,156558,188039
62222,59948,419,0.00952101,0.03,35514661,754069,23350,5833
42429,42459,21720,0.00163948,0.005,2953623,4611198,106122,25055
74122,41736,4434,0.00182521,0.07,5646540,12956914,54586,51100
44352,1690,29775,0.00047003,0.27,35251,13594279,13902,19569
118723,60359,1978,0.00034241,0.25,2453753,29854532,22867,33824
5211,22027,8867,0.02533638,0.13,2908344,25393712,32471,26308
37321,9144,21010,0.00056263,0.03,192024,5764014,16830,10135
38096,79519,12287,0.00296184,0.0005,8972688,488551,183438,3692
149249,28237,4499,1.65E-05,0.25,69581,31763777,19281,5847
73745,8874,21035,0.00019487,0.13,127534,24268210,26887,28265
146971,24597,2151,0.00108175,0.23,3910608,12169905,32964,54953
37191,79610,13695,2.48E-05,0.05,73518,54513619,31713,5590
84888,12868,14280,0.00078778,0.15,860545,27565358,40874,118422
66504,78876,13818,0.00370564,0.05,19438339,54499296,488389,236937
97210,14396,17648,0.00296184,0.03,4145168,7622660,181428,132980
99651,19936,9663,0.00370564,0.23,7361879,44311901,187838,271436
36175,27555,49444,0.00860544,0.05,8578138,68124160,685788,314825
55220,10260,1949,0.02533638,0.15,14354821,3000325,41718,36485
82834,27528,11551,0.00370564,0.07,8450081,22259394,208725,169476
70521,19135,12614,0.00370564,0.2,5000685,48278074,125047,222126
79855,32646,1287,0.01084252,0.03,28266198,1261417,65891,18329
112408,39653,3825,0.00013363,0.03,595644,4550693,12319,5447
98800,40382,2182,0.00370564,0.23,14784635,20269144,80338,78570
145900,29249,749,0.00082487,0.1,3520111,2193534,9430,14734
5814,74342,3779,0.00160539,0.15,693896,42147719,8625,5512
45989,23295,46367,0.00041097,0.05,440296,54008623,84620,104981
84372,12935,8310,0.00296184,0.3,3232427,32249286,59248,149046
78857,9775,6845,0.02533638,0.15,19530045,10037439,224261,205157
84464,33862,3693,0.00041097,0.27,1175461,33766314,22580,44875
122798,80676,2614,0.00031941,0.25,3164380,52737410,47521,67362
103489,82431,15848,8.43E-05,0.03,719056,39191679,72356,36326
89328,58272,4475,0.00296184,0.005,15417465,1304133,160993,24984
62017,15100,12497,0.00860544,0.005,8058934,943624,165502,32038
137649,41214,3684,0.00952101,0.3,54014637,45552213,637330,566427
133800,71093,3860,0.00034241,0.15,3257110,41167728,52591,88024
96243,11699,14317,0.00034241,0.27,385553,45227519,32920,106502
122333,30907,8624,0.00296184,0.2,11198692,53310681,334922,308527
95026,34277,7110,0.00082282,0.07,2680162,17061553,53255,79110
38113,47946,17579,0.00163948,0.01,2996014,8428636,92132,34443
83857,28676,21086,2.48E-05,0.05,59708,30233289,40483,4931
42629,10613,23673,0.00296184,0.005,1340071,1256277,50267,11341
96630,63544,2636,0.00491597,0.15,30185858,25131143,223811,135057
34934,38196,2189,0.00860544,0.23,11483048,19234364,39400,42885
50174,13136,4728,0.00108175,0.27,713000,16771400,9920,30232
94870,79073,1688,0.00182521,0.17,13692307,22692559,60299,56206
31340,38485,10214,0.00860544,0.15,10379285,58966077,173240,148568
45245,62446,3331,0.00078778,0.3,2225849,62409776,13638,32779
34501,95236,4138,0.00082487,0.05,2710407,19708694,24684,19469
102673,87802,1960,0.00015297,0.15,1379024,25825028,17035,22402
106716,6058,15324,0.00019487,0.17,125985,15782445,19288,23662
130034,10558,1369,0.00082282,0.17,1129696,2458915,5096,16428
48431,20929,13551,0.00491597,0.13,4983018,36870265,132256,126944
75942,25749,14748,0.00296184,0.1,5791819,37977426,174165,203671
120984,19029,15410,0.00491597,0.17,11317650,49853150,560360,493935
57166,65266,21849,0.00952101,0.001,35522954,1426006,1239194,48914
31416,31011,14088,0.00182521,0.13,1778248,56798857,65150,76516
26094,11484,43209,0.00182521,0.07,546972,34736264,55413,96047
102226,64341,11273,0.00491597,0.0005,32334201,362691,992478,10120
129249,66803,5953,8.43E-05,0.15,727790,59656462,46358,62787
138756,92150,2193,0.00034241,0.27,4378237,54579993,57495,62037
53856,28318,20410,0.00015297,0.07,233303,40459631,44908,31084
3712,6927,29965,0.00370564,0.13,95307,26986123,11840,16268
140467,7457,3580,0.00082185,0.27,860870,7209031,11259,46705
29658,13200,25169,0.00015297,0.17,59889,56482074,37632,28430
60567,40756,26601,0.00082282,0.05,2031142,54208257,125753,178256
81030,77505,13691,2.48E-05,0.05,155941,53058717,57524,9565
64024,3783,14414,0.00031941,0.2,77376,10908429,10905,14163
36628,54430,39270,0.01084252,0.01,21616675,21375423,1331976,199920
53186,1287,8661,0.00860544,0.25,589116,2787289,10309,44727
34417,1747,45555,0.00182521,0.05,109755,3979659,18786,16654
9633,54419,3999,0.00018467,0.23,96810,50056127,13995,4361
17115,6034,26182,0.00952101,0.13,983418,20540809,38072,67057
101444,16282,11489,0.00182521,0.01,3014850,1870724,90906,25286
8385,43049,18200,0.00082185,0.07,296682,54846552,30418,15383
72860,65820,10732,0.00860544,0.03,41269493,21192706,759671,213040
31373,18572,14582,0.00013363,0.17,77862,46040037,17283,22668
105402,14956,1559,0.00056263,0.23,886957,5363109,5408,18145
140088,93435,867,0.00108175,0.23,14159292,18648147,47630,43520
41574,22345,48113,0.00160539,0.03,1491395,32252961,136748,138060
131798,21787,10199,0.00015297,0.23,439258,51108506,34488,79621
34601,31225,3279,0.00860544,0.25,9297808,25597661,46256,55857
26180,27785,16712,0.02533638,0.01,18430818,4643631,461698,63892
113349,51649,8420,0.00296184,0.1,17340073,43493487,461651,276452
47983,6395,5719,0.00019487,0.27,59806,9877368,4921,5877
113168,68505,1672,0.00019487,0.25,1510772,28650228,7805,26317
120261,98763,13884,0.00013363,0.03,1587188,41137929,92744,64466
52223,73235,2648,8.43E-05,0.2,322375,38790803,6302,10907
19408,1386,21340,0.00108175,0.17,29119,5031535,4809,5411
128384,10670,12003,0.00370564,0.2,5076649,25618254,193160,268818
46335,1695,23114,0.00082282,0.13,64656,5095780,10827,12660
91212,82354,19952,0.00078778,0.001,5917606,1643156,285136,9849
142586,4318,12859,0.00019487,0.23,119994,12772463,18797,24670
86838,9468,13748,0.00056263,0.17,462599,22130378,28561,78186
26551,1524,12511,0.00163948,0.15,66361,2861140,4088,7907
129002,34588,16176,0.00019487,0.01,869514,5595155,50610,12933
79078,16351,11937,0.00056263,0.17,727491,33182887,34646,98633
17421,3158,39206,0.02533638,0.15,1394308,18576760,69198,110472
39883,47133,23406,0.00108175,0.001,2033552,1103223,79840,3267
123501,14829,9360,0.00018467,0.15,338220,20822730,23515,40837
14103,73470,12195,0.00078778,0.01,816312,8960188,28073,11229
72801,50658,5087,0.00952101,0.1,35113312,25772572,306833,188873
35836,24232,6056,0.00082185,0.03,713690,4402905,10893,9759
133475,98824,8825,0.00013363,0.05,1762667,43609990,74884,67538
78555,9952,2893,0.00047003,0.23,367495,6622585,4880,15269
78366,10506,5314,0.00047003,0.3,387003,16751582,12780,34916
120986,60571,3701,0.00015297,0.23,1121006,51573176,34373,56019
133870,85107,6374,0.00108175,0.001,12324834,542527,279581,8386
15715,40226,9712,0.02533638,0.0005,16017199,195342,216601,3759
85870,64383,3022,0.00160539,0.01,8875600,1945748,65849,18973
149508,3241,14350,0.00108175,0.13,524280,6047541,30941,65324
30363,73196,24908,0.00047003,0.005,1044622,9116093,71839,11843
15316,34330,5144,0.00018467,0.25,97106,44151213,4993,6855
83522,10329,5803,0.00013363,0.25,115287,14986207,8420,11870
7300,20423,36760,0.00491597,0.05,733007,37538078,59792,39997
69353,12397,7520,0.00018467,0.13,158785,12120625,9358,13791
108337,9776,17332,0.00034241,0.23,362662,38973167,40010,112551
146116,15989,8028,0.00013363,0.3,312211,38513493,29278,62497
50986,17220,39483,0.01084252,0.005,9520181,3399679,576652,107916
84940,4229,2206,0.01084252,0.17,3895117,1586119,17868,30711
35009,9682,18090,0.00041097,0.15,139309,26274117,20058,28340
77302,26516,16055,0.02533638,0.005,51934008,2128684,1320803,156279
75134,12373,2399,0.00056263,0.13,523066,3859369,4418,11660
6396,82890,4941,0.00860544,0.17,4562864,69639056,47983,32162
65704,32754,5418,0.00041097,0.3,884460,53241882,31917,56699
46498,92174,22576,0.00056263,0.01,2411438,20810150,122125,46109
67996,74079,25691,0.00082185,0.005,4139756,9515970,204609,45662
134117,56959,3187,0.00056263,0.17,4298113,30869237,57426,83940
14088,40146,9306,0.00018467,0.05,104447,18680935,11900,4230
9428,79619,3270,0.01084252,0.17,8139530,44265384,47813,34246
47833,52281,11377,0.00047003,0.07,1175454,41636774,53299,57138
17759,43288,7453,0.00860544,0.05,6615729,16133031,71850,25215
108906,15711,17154,0.01084252,0.15,18552295,40427531,846797,676572
14207,68075,5440,0.00019487,0.1,188471,37033719,15537,6235
75829,19839,6834,0.00047003,0.23,707123,31187796,18254,56670
132886,46334,10865,0.00041097,0.13,2530438,65450372,115194,208418
58668,24638,17499,0.00015297,0.1,221120,43117639,40406,26881
110908,9919,2423,0.00034241,0.17,376693,4086753,4655,12555
1848,64745,16631,0.00056263,0.05,67333,53840833,27540,4246
88271,43157,2548,0.00860544,0.23,32782779,25300589,184351,182443
110773,70145,9952,0.00013363,0.01,1038344,6981359,39130,10493
80589,17498,3604,0.00082487,0.1,1163260,6306695,10537,25353
60033,5445,19816,0.01084252,0.1,3544630,10791564,111567,160081
47657,37735,34926,0.02533638,0.05,45564267,65898346,2469869,705458
114591,3158,7411,0.00034241,0.2,123935,4682145,8762,13073
147238,54911,7528,0.00296184,0.005,23946767,2067108,682622,69058
65896,58582,31178,0.00041097,0.01,1586481,18265074,115413,43071
27913,2456,40722,0.00082185,0.3,56347,30007520,19604,41676
51879,20800,7173,0.00082487,0.17,890141,25365116,19893,47865
82569,34669,1964,0.00160539,0.07,4595645,4767716,23280,24767
26689,24945,10348,0.00082282,0.13,547816,33558389,18579,33941
69007,15791,15563,0.00047003,0.01,512212,2457758,23251,6432
126844,9195,7845,0.00860544,0.23,10037895,16593706,235873,275244
97040,37392,8669,0.00031941,0.13,1159001,42140629,47540,82931
35502,24051,4006,0.00370564,0.005,3164192,481860,19465,3600
99035,1713,8476,0.00370564,0.01,628689,145215,15528,3000
15716,2209,30840,0.00491597,0.23,170693,15671446,12319,49719
90031,42915,12382,0.00860544,0.0005,33249145,265703,946458,18425
92784,3657,10555,0.00491597,0.07,1668300,2702430,36564,69169
49206,24341,33758,0.00082185,0.07,984397,57522333,93742,153299
48234,38463,11680,0.00491597,0.15,9120364,67391809,185701,185310
29071,47644,32600,0.00019487,0.005,269912,7766110,50364,3136
70405,70789,18242,0.00491597,0.01,24501130,12913979,766840,173860
15945,4543,23783,0.01084252,0.17,785460,18368965,28577,54377
108206,17348,17904,1.65E-05,0.15,30993,46592178,42638,7177
149626,45170,4273,0.00056263,0.01,3802617,1930446,61211,15209
47984,11376,32542,0.00018467,0.15,100812,55533733,46014,52002
57185,54797,7778,8.43E-05,0.05,264131,21313253,23972,8250
108780,87037,3489,0.00078778,0.005,7458617,1518731,80167,13113
42134,16316,15230,0.00078778,0.2,541575,49701570,36631,73870
73775,21308,10383,0.00108175,0.15,1700523,33188048,45794,116107
134344,70936,12491,0.00370564,0.03,35314202,26582231,1568541,337141
37091,39964,23441,0.00160539,0.05,2379772,46842246,110544,122772
94025,48230,6778,0.00082185,0.17,3727057,55580602,87698,118636
64727,24398,9444,0.00041097,0.3,649017,69131561,48597,71921
121529,30410,5983,0.00370564,0.23,13695378,41849822,269415,285551
61415,6437,15333,0.00860544,0.25,3402262,24677007,90047,181503
145427,2617,6079,0.00370564,0.25,1410590,3978226,24509,94940
21847,12959,27956,0.00160539,0.13,454553,47099860,46525,81903
102049,59862,757,0.00860544,0.3,52569961,13603705,102648,105282
122009,43256,15992,0.00056263,0.001,2969398,691785,141589,3010
3304,87024,2203,0.00370564,0.13,1065607,24929437,7205,3806
129561,4065,5094,0.00013363,0.2,70381,4141777,6792,4661
52997,59347,18456,0.00163948,0.005,5156583,5476661,164376,34037
91693,38945,5109,1.65E-05,0.2,58958,39797735,21371,5127
39809,16387,8566,0.00182521,0.07,1190744,9826828,18360,33282
22403,63795,26881,0.00082487,0.03,1178949,51448535,75237,57760
24576,25126,48683,8.43E-05,0.05,52051,61162927,62915,23141
22084,19077,47798,0.00163948,0.005,690756,4559461,58982,11610
63427,28680,20661,0.00082487,0.05,1500565,29629834,73379,107419
101773,66197,4228,4.64E-06,0.25,31260,69978179,20164,3407
104640,11798,5374,0.00082282,0.01,1015889,634117,14567,3600
139418,13043,14408,0.00108175,0.27,1967151,50741036,94721,285744
48188,4012,28849,0.00108175,0.01,209165,1157612,20003,3651
73266,19537,13652,0.00082185,0.23,1176437,61349870,55104,147765
126406,52269,6702,0.00047003,0.17,3105554,59560352,81726,145200
59911,37530,20157,1.65E-05,0.07,37122,52955082,48949,4958
70938,6237,4544,0.00013363,0.23,59130,6519541,4236,4115
127148,16270,4320,0.00108175,0.2,2237850,14058140,27353,77931
117448,25664,11411,1.65E-05,0.23,49765,67357941,40508,10190
8770,83468,22375,0.00952101,0.001,6969995,1867678,218830,10412
140433,42083,8565,0.00860544,0.13,50857044,46859173,1427202,687641
60333,88658,1913,0.00041097,0.27,2198308,45797142,9725,20852
58182,38661,6290,0.00019487,0.15,438343,36481471,24223,31320
108087,12610,3734,0.00041097,0.3,560157,14129721,9601,35120
138847,26064,5323,0.00078778,0.03,2850930,4162554,47250,34498
100883,19361,2857,0.00041097,0.27,802715,14939784,9361,33885
133909,29650,11143,0.00952101,0.17,37802616,56171555,1306398,816153
90314,79836,19085,0.00082185,0.03,5925899,45711071,294542,206115
70094,61867,23852,0.00182521,0.005,7915102,7378372,326761,69313
102978,88696,1633,2.48E-05,0.25,226792,36225958,4943,7365
112053,84912,15214,0.00078778,0.005,7495561,6459476,339672,45948
104040,52796,11297,1.65E-05,0.1,90689,59646665,53913,9198
143145,6771,14880,0.00013363,0.25,129536,25192654,28621,39018
19752,5998,36986,0.00031941,0.13,37848,28844166,20922,17687
85454,49826,824,0.00047003,0.07,2001331,2875681,3645,6517
27990,14511,16266,0.00163948,0.13,665920,30686207,30175,55084
63926,58698,21431,0.00047003,0.03,1763726,37740518,98814,101397
88263,89988,2534,0.00078778,0.23,6257109,52448941,60440,59596
127492,67894,8994,0.00019487,0.07,1686812,42746615,69652,86096
44037,46903,4576,0.00034241,0.23,707257,49369804,27418,24740
116957,18109,5848,0.00491597,0.15,10412286,15887125,181491,164020
117129,37728,9504,8.43E-05,0.1,372484,35857637,39479,34186
54745,18215,8454,0.00163948,0.3,1634891,46202415,39742,80632
88155,79258,19942,0.00018467,0.005,1290299,7903096,79671,14398
58500,72396,2366,0.00491597,0.3,20820430,51394195,79567,113845
136233,91496,888,0.00082185,0.05,10244319,4062949,35949,18203
134040,9258,2760,0.00491597,0.01,6100521,255554,57100,12710
94741,3356,15316,0.00491597,0.15,1563061,7710242,53574,149334
45728,52231,6071,0.00491597,0.2,11741599,63419426,144700,122161
25845,6614,29098,0.01084252,0.2,1853575,38494486,80621,146114
147930,31432,996,0.00031941,0.07,1485205,2193518,5702,9109
19337,41353,6403,0.00013363,0.05,106859,13241418,8613,2525
120179,2160,6249,0.00015297,0.15,39722,2025589,6349,2537
95104,14396,16308,0.00000434,0.27,5942,63392847,33570,2577
107600,3890,16861,0.00041097,0.01,172051,656050,19539,1808
35775,12721,10228,0.00082487,0.01,375430,1301230,10477,2522